<?xml version="1.0" encoding="UTF-8"?>
<project-private xmlns="http://www.netbeans.org/ns/project-private/1">
    <editor-bookmarks xmlns="http://www.netbeans.org/ns/editor-bookmarks/2" lastBookmarkId="0"/>
    <open-files xmlns="http://www.netbeans.org/ns/projectui-open-files/2">
        <group>
            <file>file:/D:/Work/HoneyWell/Code/18Jul2017/HoneyWell/web/WEB-INF/web.xml</file>
            <file>file:/D:/Work/HoneyWell/Code/18Jul2017/HoneyWell/src/java/com/honeywell/toppic/material/MaterialTxtToXML.java</file>
            <file>file:/D:/Work/HoneyWell/Code/18Jul2017/HoneyWell/src/java/com/honeywell/utils/Constants.java</file>
            <file>file:/D:/Work/HoneyWell/Code/18Jul2017/HoneyWell/src/java/com/honeywell/toppic/customer/CustomerTxtToXML.java</file>
            <file>file:/D:/Work/HoneyWell/Code/18Jul2017/HoneyWell/src/java/com/honeywell/utils/DatabaseUtility.java</file>
            <file>file:/D:/Work/HoneyWell/Code/18Jul2017/HoneyWell/src/java/com/honeywell/scheduler/jobs/SFTPJob.java</file>
        </group>
    </open-files>
</project-private>
