<?xml version = '1.0' encoding = 'UTF-8'?>
<hwTaskFlows xmlns="http://xmlns.oracle.com/bpel/workflow/hwTaskFlowProperties">
   <ApplicationName>worklist</ApplicationName>
   <LookupType>LOCAL</LookupType>
   <TaskFlowDeploy>false</TaskFlowDeploy>
   <TaskFlowServer>
      <hostName/>
      <httpPort/>
      <httpsPort/>
   </TaskFlowServer>
   <hwTaskFlow>
      <WorkflowName>CapexClosureStart</WorkflowName>
      <TaskDefinitionNamespace>http://xmlns.oracle.com/SRFBPMApplication/CapexClosureProcess/CapexClosureStart</TaskDefinitionNamespace>
      <TaskFlowId>CapexClosureStart_TaskFlow</TaskFlowId>
      <TaskFlowFileName>WEB-INF/CapexClosureStart_TaskFlow.xml</TaskFlowFileName>
   </hwTaskFlow>
   <hwTaskFlow>
      <WorkflowName>ClosureAcknowledgementTask</WorkflowName>
      <TaskDefinitionNamespace>http://xmlns.oracle.com/SRFBPMApplication/CapexClosureProcess/ClosureAcknowledgementTask</TaskDefinitionNamespace>
      <TaskFlowId>ClosureAcknowledgementTask_TaskFlow</TaskFlowId>
      <TaskFlowFileName>WEB-INF/ClosureAcknowledgementTask_TaskFlow.xml</TaskFlowFileName>
   </hwTaskFlow>
   <hwTaskFlow>
      <WorkflowName>ClosureApproversTask</WorkflowName>
      <TaskDefinitionNamespace>http://xmlns.oracle.com/SRFBPMApplication/CapexClosureProcess/ClosureApproversTask</TaskDefinitionNamespace>
      <TaskFlowId>ClosureApproversTask_TaskFlow</TaskFlowId>
      <TaskFlowFileName>WEB-INF/ClosureApproversTask_TaskFlow.xml</TaskFlowFileName>
   </hwTaskFlow>
   <hwTaskFlow>
      <WorkflowName>ClosureFinanceApproval</WorkflowName>
      <TaskDefinitionNamespace>http://xmlns.oracle.com/SRFBPMApplication/CapexClosureProcess/ClosureFinanceApproval</TaskDefinitionNamespace>
      <TaskFlowId>ClosureFinanceApproval_TaskFlow</TaskFlowId>
      <TaskFlowFileName>WEB-INF/ClosureFinanceApproval_TaskFlow.xml</TaskFlowFileName>
   </hwTaskFlow>
   <hwTaskFlow>
      <WorkflowName>HeadOfDepartmentTask</WorkflowName>
      <TaskDefinitionNamespace>http://xmlns.oracle.com/SRFBPMApplication/CapexClosureProcess/HeadOfDepartmentTask</TaskDefinitionNamespace>
      <TaskFlowId>HeadOfDepartmentTask_TaskFlow</TaskFlowId>
      <TaskFlowFileName>WEB-INF/HeadOfDepartmentTask_TaskFlow.xml</TaskFlowFileName>
   </hwTaskFlow>
   <hwTaskFlow>
      <WorkflowName>FinanceCheckerTask</WorkflowName>
      <TaskDefinitionNamespace>http://xmlns.oracle.com/SRFBPMApplication/CapexClosureProcess/FinanceCheckerTask</TaskDefinitionNamespace>
      <TaskFlowId>FinanceCheckerTask_TaskFlow</TaskFlowId>
      <TaskFlowFileName>WEB-INF/FinanceCheckerTask_TaskFlow.xml</TaskFlowFileName>
   </hwTaskFlow>
   <hwTaskFlow>
      <WorkflowName>FinanceRetryTask</WorkflowName>
      <TaskDefinitionNamespace>http://xmlns.oracle.com/SRFBPMApplication/CapexClosureProcess/FinanceRetryTask</TaskDefinitionNamespace>
      <TaskFlowId>FinanceRetryTask_TaskFlow</TaskFlowId>
      <TaskFlowFileName>WEB-INF/FinanceRetryTask_TaskFlow.xml</TaskFlowFileName>
   </hwTaskFlow>
</hwTaskFlows>
