<?xml version="1.0" encoding="UTF-8" ?>
<JavaBean xmlns="http://xmlns.oracle.com/adfm/beanmodel" version="11.1.1.65.57"
          id="ApprovalBusinessObjectType"
          Package="ViewController_CapexClosureStart"
          BeanClass="ViewController_CapexClosureStart.ApprovalBusinessObjectType"
          isJavaBased="false">
  <Attribute Name="initialFinanceApprovers" Type="java.lang.String">
    <Properties>
      <CustomProperties>
        <Property Name="nextSiblingNamespace"
                  Value="http://xmlns.oracle.com/bpm/bpmobject/CapexClosureModule/ApprovalBusinessObject"/>
        <Property Name="nextSibling" Value="iniFinanceIndex"/>
        <Property Name="minOccurs" Value="1"/>
        <Property Name="maxOccurs" Value="1"/>
        <Property Name="LABEL" Value="Initial Finance Approvers"/>
        <Property Name="LeafElement_hint" Value="LeafElement_no_attribute"/>
        <Property Name="nillable" Value="true"/>
        <Property Name="originalName" Value="initialFinanceApprovers"/>
        <Property Name="targetNamespace"
                  Value="http://xmlns.oracle.com/bpm/bpmobject/CapexClosureModule/ApprovalBusinessObject"/>
        <Property Name="type" Value="java.lang.String"/>
      </CustomProperties>
    </Properties>
  </Attribute>
  <Attribute Name="iniFinanceIndex" Type="java.lang.Integer">
    <Properties>
      <CustomProperties>
        <Property Name="minInclusive" Value="-2147483648"/>
        <Property Name="originalName" Value="iniFinanceIndex"/>
        <Property Name="LeafElement_hint" Value="LeafElement_no_attribute"/>
        <Property Name="nextSiblingNamespace"
                  Value="http://xmlns.oracle.com/bpm/bpmobject/CapexClosureModule/ApprovalBusinessObject"/>
        <Property Name="nextSibling" Value="iniFinanceCount"/>
        <Property Name="fractionDigits" Value="0"/>
        <Property Name="nillable" Value="true"/>
        <Property Name="LABEL" Value="Ini Finance Index"/>
        <Property Name="maxOccurs" Value="1"/>
        <Property Name="maxInclusive" Value="2147483647"/>
        <Property Name="type" Value="java.lang.Integer"/>
        <Property Name="targetNamespace"
                  Value="http://xmlns.oracle.com/bpm/bpmobject/CapexClosureModule/ApprovalBusinessObject"/>
        <Property Name="minOccurs" Value="1"/>
      </CustomProperties>
    </Properties>
  </Attribute>
  <Attribute Name="iniFinanceCount" Type="java.lang.Integer">
    <Properties>
      <CustomProperties>
        <Property Name="minInclusive" Value="-2147483648"/>
        <Property Name="originalName" Value="iniFinanceCount"/>
        <Property Name="LeafElement_hint" Value="LeafElement_no_attribute"/>
        <Property Name="nextSiblingNamespace"
                  Value="http://xmlns.oracle.com/bpm/bpmobject/CapexClosureModule/ApprovalBusinessObject"/>
        <Property Name="nextSibling" Value="approvers"/>
        <Property Name="fractionDigits" Value="0"/>
        <Property Name="nillable" Value="true"/>
        <Property Name="LABEL" Value="Ini Finance Count"/>
        <Property Name="maxOccurs" Value="1"/>
        <Property Name="maxInclusive" Value="2147483647"/>
        <Property Name="type" Value="java.lang.Integer"/>
        <Property Name="targetNamespace"
                  Value="http://xmlns.oracle.com/bpm/bpmobject/CapexClosureModule/ApprovalBusinessObject"/>
        <Property Name="minOccurs" Value="1"/>
      </CustomProperties>
    </Properties>
  </Attribute>
  <Attribute Name="approvers" Type="java.lang.String">
    <Properties>
      <CustomProperties>
        <Property Name="nextSiblingNamespace"
                  Value="http://xmlns.oracle.com/bpm/bpmobject/CapexClosureModule/ApprovalBusinessObject"/>
        <Property Name="nextSibling" Value="approverIndex"/>
        <Property Name="minOccurs" Value="1"/>
        <Property Name="maxOccurs" Value="2147483640"/>
        <Property Name="LABEL" Value="Approvers"/>
        <Property Name="LeafElement_hint" Value="LeafElement_no_attribute"/>
        <Property Name="nillable" Value="true"/>
        <Property Name="originalName" Value="approvers"/>
        <Property Name="targetNamespace"
                  Value="http://xmlns.oracle.com/bpm/bpmobject/CapexClosureModule/ApprovalBusinessObject"/>
        <Property Name="type" Value="java.lang.String"/>
      </CustomProperties>
    </Properties>
  </Attribute>
  <Attribute Name="approverIndex" Type="java.lang.Integer">
    <Properties>
      <CustomProperties>
        <Property Name="minInclusive" Value="-2147483648"/>
        <Property Name="originalName" Value="approverIndex"/>
        <Property Name="LeafElement_hint" Value="LeafElement_no_attribute"/>
        <Property Name="nextSiblingNamespace"
                  Value="http://xmlns.oracle.com/bpm/bpmobject/CapexClosureModule/ApprovalBusinessObject"/>
        <Property Name="nextSibling" Value="approverCount"/>
        <Property Name="fractionDigits" Value="0"/>
        <Property Name="nillable" Value="true"/>
        <Property Name="LABEL" Value="Approver Index"/>
        <Property Name="maxOccurs" Value="1"/>
        <Property Name="maxInclusive" Value="2147483647"/>
        <Property Name="type" Value="java.lang.Integer"/>
        <Property Name="targetNamespace"
                  Value="http://xmlns.oracle.com/bpm/bpmobject/CapexClosureModule/ApprovalBusinessObject"/>
        <Property Name="minOccurs" Value="1"/>
      </CustomProperties>
    </Properties>
  </Attribute>
  <Attribute Name="approverCount" Type="java.lang.Integer">
    <Properties>
      <CustomProperties>
        <Property Name="minInclusive" Value="-2147483648"/>
        <Property Name="originalName" Value="approverCount"/>
        <Property Name="LeafElement_hint" Value="LeafElement_no_attribute"/>
        <Property Name="nextSiblingNamespace"
                  Value="http://xmlns.oracle.com/bpm/bpmobject/CapexClosureModule/ApprovalBusinessObject"/>
        <Property Name="nextSibling" Value="financeApprover"/>
        <Property Name="fractionDigits" Value="0"/>
        <Property Name="nillable" Value="true"/>
        <Property Name="LABEL" Value="Approver Count"/>
        <Property Name="maxOccurs" Value="1"/>
        <Property Name="maxInclusive" Value="2147483647"/>
        <Property Name="type" Value="java.lang.Integer"/>
        <Property Name="targetNamespace"
                  Value="http://xmlns.oracle.com/bpm/bpmobject/CapexClosureModule/ApprovalBusinessObject"/>
        <Property Name="minOccurs" Value="1"/>
      </CustomProperties>
    </Properties>
  </Attribute>
  <Attribute Name="financeApprover" Type="java.lang.String">
    <Properties>
      <CustomProperties>
        <Property Name="nextSiblingNamespace"
                  Value="http://xmlns.oracle.com/bpm/bpmobject/CapexClosureModule/ApprovalBusinessObject"/>
        <Property Name="nextSibling" Value="approver"/>
        <Property Name="minOccurs" Value="1"/>
        <Property Name="maxOccurs" Value="1"/>
        <Property Name="LABEL" Value="Finance Approver"/>
        <Property Name="LeafElement_hint" Value="LeafElement_no_attribute"/>
        <Property Name="nillable" Value="true"/>
        <Property Name="originalName" Value="financeApprover"/>
        <Property Name="targetNamespace"
                  Value="http://xmlns.oracle.com/bpm/bpmobject/CapexClosureModule/ApprovalBusinessObject"/>
        <Property Name="type" Value="java.lang.String"/>
      </CustomProperties>
    </Properties>
  </Attribute>
  <Attribute Name="approver" Type="java.lang.String">
    <Properties>
      <CustomProperties>
        <Property Name="minOccurs" Value="1"/>
        <Property Name="maxOccurs" Value="1"/>
        <Property Name="LABEL" Value="Approver"/>
        <Property Name="LeafElement_hint" Value="LeafElement_no_attribute"/>
        <Property Name="nillable" Value="true"/>
        <Property Name="originalName" Value="approver"/>
        <Property Name="targetNamespace"
                  Value="http://xmlns.oracle.com/bpm/bpmobject/CapexClosureModule/ApprovalBusinessObject"/>
        <Property Name="type" Value="java.lang.String"/>
      </CustomProperties>
    </Properties>
  </Attribute>
</JavaBean>
