<?xml version="1.0" encoding="UTF-8" ?>
<JavaBean xmlns="http://xmlns.oracle.com/adfm/beanmodel" version="11.1.1.65.57"
          id="CapexClosureStartPayloadType"
          Package="ViewController_CapexClosureStart"
          BeanClass="ViewController_CapexClosureStart.CapexClosureStartPayloadType"
          isJavaBased="false">
  <Attribute Name="Status" IsUpdateable="0" Type="java.lang.String">
    <Properties>
      <CustomProperties>
        <Property Name="nextSiblingNamespace"
                  Value="http://xmlns.oracle.com/bpm/bpmobject/CapexClosureModule/ApprovalBusinessObject"/>
        <Property Name="nextSibling" Value="ApprovalBusinessObject"/>
        <Property Name="minOccurs" Value="1"/>
        <Property Name="maxOccurs" Value="1"/>
        <Property Name="LABEL" Value="Status"/>
        <Property Name="LeafElement_hint" Value="LeafElement_no_attribute"/>
        <Property Name="nillable" Value="false"/>
        <Property Name="originalName" Value="Status"/>
        <Property Name="targetNamespace"
                  Value="http://xmlns.oracle.com/bpel/workflow/task"/>
        <Property Name="type" Value="java.lang.String"/>
      </CustomProperties>
    </Properties>
  </Attribute>
  <AccessorAttribute id="ClosureBusinessObject" IsCollection="true"
                     BeanClass="ViewController_CapexClosureStart.ClosureBusinessObjectType"
                     CollectionBeanClass="ViewController_CapexClosureStart.ClosureBusinessObjectType_ClosureBusinessObject_Operations">
    <Properties>
      <Property Name="nextSiblingNamespace"
                Value="http://www.SRFCapexClosure.org"/>
      <Property Name="nextSibling" Value="capexClosureTable"/>
      <Property Name="minOccurs" Value="1"/>
      <Property Name="maxOccurs" Value="1"/>
      <Property Name="LABEL" Value="Closure Business Object"/>
      <Property Name="nillable" Value="false"/>
      <Property Name="originalName" Value="ClosureBusinessObject"/>
      <Property Name="targetNamespace"
                Value="http://xmlns.oracle.com/bpm/bpmobject/CapexClosureModule/ClosureBusinessObject"/>
    </Properties>
  </AccessorAttribute>
  <AccessorAttribute id="capexClosureTable" IsCollection="true"
                     BeanClass="ViewController_CapexClosureStart.capexClosureTable"
                     CollectionBeanClass="ViewController_CapexClosureStart.capexClosureTable_capexClosureTable_Operations">
    <Properties>
      <Property Name="minOccurs" Value="1"/>
      <Property Name="maxOccurs" Value="1"/>
      <Property Name="LABEL" Value="Capex Closure Table"/>
      <Property Name="nillable" Value="false"/>
      <Property Name="originalName" Value="capexClosureTable"/>
      <Property Name="targetNamespace" Value="http://www.SRFCapexClosure.org"/>
    </Properties>
  </AccessorAttribute>
  <AccessorAttribute id="CapexDetailsObject" IsCollection="true"
                     BeanClass="ViewController_CapexClosureStart.CapexDetailsObjectType"
                     CollectionBeanClass="ViewController_CapexClosureStart.CapexDetailsObjectType_CapexDetailsObject_Operations">
    <Properties>
      <Property Name="minOccurs" Value="1"/>
      <Property Name="maxOccurs" Value="1"/>
      <Property Name="LABEL" Value="Capex Details Object"/>
      <Property Name="nillable" Value="false"/>
      <Property Name="originalName" Value="CapexDetailsObject"/>
      <Property Name="targetNamespace"
                Value="http://xmlns.oracle.com/bpm/bpmobject/CapexClosureModule/CapexDetailsObject"/>
    </Properties>
  </AccessorAttribute>
  <AccessorAttribute id="ApprovalBusinessObject" IsCollection="true"
                     BeanClass="ViewController_CapexClosureStart.ApprovalBusinessObjectType"
                     CollectionBeanClass="ViewController_CapexClosureStart.ApprovalBusinessObjectType_ApprovalBusinessObject_Operations">
    <Properties>
      <Property Name="minOccurs" Value="1"/>
      <Property Name="maxOccurs" Value="1"/>
      <Property Name="LABEL" Value="Approval Business Object"/>
      <Property Name="nillable" Value="false"/>
      <Property Name="originalName" Value="ApprovalBusinessObject"/>
      <Property Name="targetNamespace"
                Value="http://xmlns.oracle.com/bpm/bpmobject/CapexClosureModule/ApprovalBusinessObject"/>
    </Properties>
  </AccessorAttribute>
</JavaBean>
