<?xml version="1.0" encoding="UTF-8" ?>
<JavaBean xmlns="http://xmlns.oracle.com/adfm/beanmodel" version="11.1.1.65.57"
          id="shortHistoryType" Package="ViewController_CapexClosureStart"
          BeanClass="ViewController_CapexClosureStart.shortHistoryType"
          isJavaBased="false">
  <AccessorAttribute id="task" IsCollection="true"
                     BeanClass="ViewController_CapexClosureStart.shortHistoryTaskType"
                     CollectionBeanClass="ViewController_CapexClosureStart.shortHistoryTaskType_task_Operations">
    <Properties>
      <Property Name="minOccurs" Value="0"/>
      <Property Name="maxOccurs" Value="2147483640"/>
      <Property Name="LABEL" Value="Task"/>
      <Property Name="nillable" Value="false"/>
      <Property Name="originalName" Value="task"/>
      <Property Name="targetNamespace"
                Value="http://xmlns.oracle.com/bpel/workflow/task"/>
    </Properties>
  </AccessorAttribute>
</JavaBean>
