<?xml version="1.0" encoding="UTF-8" ?>
<JavaBean xmlns="http://xmlns.oracle.com/adfm/beanmodel" version="11.1.1.65.57"
          id="ClosureBusinessObjectType"
          Package="ViewController_ClosureFinanceApproval"
          BeanClass="ViewController_ClosureFinanceApproval.ClosureBusinessObjectType"
          isJavaBased="false">
  <Attribute Name="projectCode" Type="java.lang.String">
    <Properties>
      <CustomProperties>
        <Property Name="nextSiblingNamespace"
                  Value="http://xmlns.oracle.com/bpm/bpmobject/CapexClosureModule/ClosureBusinessObject"/>
        <Property Name="nextSibling" Value="projectTitle"/>
        <Property Name="minOccurs" Value="1"/>
        <Property Name="maxOccurs" Value="1"/>
        <Property Name="LABEL" Value="Project Code"/>
        <Property Name="LeafElement_hint" Value="LeafElement_no_attribute"/>
        <Property Name="nillable" Value="true"/>
        <Property Name="originalName" Value="projectCode"/>
        <Property Name="targetNamespace"
                  Value="http://xmlns.oracle.com/bpm/bpmobject/CapexClosureModule/ClosureBusinessObject"/>
        <Property Name="type" Value="java.lang.String"/>
      </CustomProperties>
    </Properties>
  </Attribute>
  <Attribute Name="projectTitle" Type="java.lang.String">
    <Properties>
      <CustomProperties>
        <Property Name="nextSiblingNamespace"
                  Value="http://xmlns.oracle.com/bpm/bpmobject/CapexClosureModule/ClosureBusinessObject"/>
        <Property Name="nextSibling" Value="dateOfCompletion"/>
        <Property Name="minOccurs" Value="1"/>
        <Property Name="maxOccurs" Value="1"/>
        <Property Name="LABEL" Value="Project Title"/>
        <Property Name="LeafElement_hint" Value="LeafElement_no_attribute"/>
        <Property Name="nillable" Value="true"/>
        <Property Name="originalName" Value="projectTitle"/>
        <Property Name="targetNamespace"
                  Value="http://xmlns.oracle.com/bpm/bpmobject/CapexClosureModule/ClosureBusinessObject"/>
        <Property Name="type" Value="java.lang.String"/>
      </CustomProperties>
    </Properties>
  </Attribute>
  <Attribute Name="dateOfCompletion" Type="java.lang.String">
    <Properties>
      <CustomProperties>
        <Property Name="nextSiblingNamespace"
                  Value="http://xmlns.oracle.com/bpm/bpmobject/CapexClosureModule/ClosureBusinessObject"/>
        <Property Name="nextSibling" Value="dateOfCapitalization"/>
        <Property Name="minOccurs" Value="1"/>
        <Property Name="maxOccurs" Value="1"/>
        <Property Name="LABEL" Value="Date Of Completion"/>
        <Property Name="LeafElement_hint" Value="LeafElement_no_attribute"/>
        <Property Name="nillable" Value="true"/>
        <Property Name="originalName" Value="dateOfCompletion"/>
        <Property Name="targetNamespace"
                  Value="http://xmlns.oracle.com/bpm/bpmobject/CapexClosureModule/ClosureBusinessObject"/>
        <Property Name="type" Value="java.lang.String"/>
      </CustomProperties>
    </Properties>
  </Attribute>
  <Attribute Name="dateOfCapitalization" Type="java.lang.String">
    <Properties>
      <CustomProperties>
        <Property Name="nextSiblingNamespace"
                  Value="http://xmlns.oracle.com/bpm/bpmobject/CapexClosureModule/ClosureBusinessObject"/>
        <Property Name="nextSibling" Value="typeOfCapex"/>
        <Property Name="minOccurs" Value="1"/>
        <Property Name="maxOccurs" Value="1"/>
        <Property Name="LABEL" Value="Date Of Capitalization"/>
        <Property Name="LeafElement_hint" Value="LeafElement_no_attribute"/>
        <Property Name="nillable" Value="true"/>
        <Property Name="originalName" Value="dateOfCapitalization"/>
        <Property Name="targetNamespace"
                  Value="http://xmlns.oracle.com/bpm/bpmobject/CapexClosureModule/ClosureBusinessObject"/>
        <Property Name="type" Value="java.lang.String"/>
      </CustomProperties>
    </Properties>
  </Attribute>
  <Attribute Name="typeOfCapex" Type="java.lang.String">
    <Properties>
      <CustomProperties>
        <Property Name="nextSiblingNamespace"
                  Value="http://xmlns.oracle.com/bpm/bpmobject/CapexClosureModule/ClosureBusinessObject"/>
        <Property Name="nextSibling" Value="dateOfApproval"/>
        <Property Name="minOccurs" Value="1"/>
        <Property Name="maxOccurs" Value="1"/>
        <Property Name="LABEL" Value="Type Of Capex"/>
        <Property Name="LeafElement_hint" Value="LeafElement_no_attribute"/>
        <Property Name="nillable" Value="true"/>
        <Property Name="originalName" Value="typeOfCapex"/>
        <Property Name="targetNamespace"
                  Value="http://xmlns.oracle.com/bpm/bpmobject/CapexClosureModule/ClosureBusinessObject"/>
        <Property Name="type" Value="java.lang.String"/>
      </CustomProperties>
    </Properties>
  </Attribute>
  <Attribute Name="dateOfApproval" Type="java.lang.String">
    <Properties>
      <CustomProperties>
        <Property Name="nextSiblingNamespace"
                  Value="http://xmlns.oracle.com/bpm/bpmobject/CapexClosureModule/ClosureBusinessObject"/>
        <Property Name="nextSibling" Value="detailsOfAssestsCapitalized"/>
        <Property Name="minOccurs" Value="1"/>
        <Property Name="maxOccurs" Value="1"/>
        <Property Name="LABEL" Value="Date Of Approval"/>
        <Property Name="LeafElement_hint" Value="LeafElement_no_attribute"/>
        <Property Name="nillable" Value="true"/>
        <Property Name="originalName" Value="dateOfApproval"/>
        <Property Name="targetNamespace"
                  Value="http://xmlns.oracle.com/bpm/bpmobject/CapexClosureModule/ClosureBusinessObject"/>
        <Property Name="type" Value="java.lang.String"/>
      </CustomProperties>
    </Properties>
  </Attribute>
  <Attribute Name="detailsOfAssestsCapitalized" Type="java.lang.String">
    <Properties>
      <CustomProperties>
        <Property Name="nextSiblingNamespace"
                  Value="http://xmlns.oracle.com/bpm/bpmobject/CapexClosureModule/ClosureBusinessObject"/>
        <Property Name="nextSibling" Value="sanctionedAmount"/>
        <Property Name="minOccurs" Value="1"/>
        <Property Name="maxOccurs" Value="1"/>
        <Property Name="LABEL" Value="Details Of Assests Capitalized"/>
        <Property Name="LeafElement_hint" Value="LeafElement_no_attribute"/>
        <Property Name="nillable" Value="true"/>
        <Property Name="originalName" Value="detailsOfAssestsCapitalized"/>
        <Property Name="targetNamespace"
                  Value="http://xmlns.oracle.com/bpm/bpmobject/CapexClosureModule/ClosureBusinessObject"/>
        <Property Name="type" Value="java.lang.String"/>
      </CustomProperties>
    </Properties>
  </Attribute>
  <Attribute Name="sanctionedAmount" Type="java.lang.String">
    <Properties>
      <CustomProperties>
        <Property Name="nextSiblingNamespace"
                  Value="http://xmlns.oracle.com/bpm/bpmobject/CapexClosureModule/ClosureBusinessObject"/>
        <Property Name="nextSibling" Value="actualAmount"/>
        <Property Name="minOccurs" Value="1"/>
        <Property Name="maxOccurs" Value="1"/>
        <Property Name="LABEL" Value="Sanctioned Amount"/>
        <Property Name="LeafElement_hint" Value="LeafElement_no_attribute"/>
        <Property Name="nillable" Value="true"/>
        <Property Name="originalName" Value="sanctionedAmount"/>
        <Property Name="targetNamespace"
                  Value="http://xmlns.oracle.com/bpm/bpmobject/CapexClosureModule/ClosureBusinessObject"/>
        <Property Name="type" Value="java.lang.String"/>
      </CustomProperties>
    </Properties>
  </Attribute>
  <Attribute Name="actualAmount" Type="java.lang.String">
    <Properties>
      <CustomProperties>
        <Property Name="nextSiblingNamespace"
                  Value="http://xmlns.oracle.com/bpm/bpmobject/CapexClosureModule/ClosureBusinessObject"/>
        <Property Name="nextSibling" Value="variance"/>
        <Property Name="minOccurs" Value="1"/>
        <Property Name="maxOccurs" Value="1"/>
        <Property Name="LABEL" Value="Actual Amount"/>
        <Property Name="LeafElement_hint" Value="LeafElement_no_attribute"/>
        <Property Name="nillable" Value="true"/>
        <Property Name="originalName" Value="actualAmount"/>
        <Property Name="targetNamespace"
                  Value="http://xmlns.oracle.com/bpm/bpmobject/CapexClosureModule/ClosureBusinessObject"/>
        <Property Name="type" Value="java.lang.String"/>
      </CustomProperties>
    </Properties>
  </Attribute>
  <Attribute Name="variance" Type="java.lang.String">
    <Properties>
      <CustomProperties>
        <Property Name="nextSiblingNamespace"
                  Value="http://xmlns.oracle.com/bpm/bpmobject/CapexClosureModule/ClosureBusinessObject"/>
        <Property Name="nextSibling" Value="scheduledDateOfCompletion"/>
        <Property Name="minOccurs" Value="1"/>
        <Property Name="maxOccurs" Value="1"/>
        <Property Name="LABEL" Value="Variance"/>
        <Property Name="LeafElement_hint" Value="LeafElement_no_attribute"/>
        <Property Name="nillable" Value="true"/>
        <Property Name="originalName" Value="variance"/>
        <Property Name="targetNamespace"
                  Value="http://xmlns.oracle.com/bpm/bpmobject/CapexClosureModule/ClosureBusinessObject"/>
        <Property Name="type" Value="java.lang.String"/>
      </CustomProperties>
    </Properties>
  </Attribute>
  <Attribute Name="scheduledDateOfCompletion" Type="java.lang.String">
    <Properties>
      <CustomProperties>
        <Property Name="nextSiblingNamespace"
                  Value="http://xmlns.oracle.com/bpm/bpmobject/CapexClosureModule/ClosureBusinessObject"/>
        <Property Name="nextSibling" Value="actualDateOfCompletion"/>
        <Property Name="minOccurs" Value="1"/>
        <Property Name="maxOccurs" Value="1"/>
        <Property Name="LABEL" Value="Scheduled Date Of Completion"/>
        <Property Name="LeafElement_hint" Value="LeafElement_no_attribute"/>
        <Property Name="nillable" Value="true"/>
        <Property Name="originalName" Value="scheduledDateOfCompletion"/>
        <Property Name="targetNamespace"
                  Value="http://xmlns.oracle.com/bpm/bpmobject/CapexClosureModule/ClosureBusinessObject"/>
        <Property Name="type" Value="java.lang.String"/>
      </CustomProperties>
    </Properties>
  </Attribute>
  <Attribute Name="actualDateOfCompletion" Type="java.lang.String">
    <Properties>
      <CustomProperties>
        <Property Name="nextSiblingNamespace"
                  Value="http://xmlns.oracle.com/bpm/bpmobject/CapexClosureModule/ClosureBusinessObject"/>
        <Property Name="nextSibling" Value="reasonForVariance"/>
        <Property Name="minOccurs" Value="1"/>
        <Property Name="maxOccurs" Value="1"/>
        <Property Name="LABEL" Value="Actual Date Of Completion"/>
        <Property Name="LeafElement_hint" Value="LeafElement_no_attribute"/>
        <Property Name="nillable" Value="true"/>
        <Property Name="originalName" Value="actualDateOfCompletion"/>
        <Property Name="targetNamespace"
                  Value="http://xmlns.oracle.com/bpm/bpmobject/CapexClosureModule/ClosureBusinessObject"/>
        <Property Name="type" Value="java.lang.String"/>
      </CustomProperties>
    </Properties>
  </Attribute>
  <Attribute Name="reasonForVariance" Type="java.lang.String">
    <Properties>
      <CustomProperties>
        <Property Name="nextSiblingNamespace"
                  Value="http://xmlns.oracle.com/bpm/bpmobject/CapexClosureModule/ClosureBusinessObject"/>
        <Property Name="nextSibling" Value="confirmPurchaseWorkOrd"/>
        <Property Name="minOccurs" Value="1"/>
        <Property Name="maxOccurs" Value="1"/>
        <Property Name="LABEL" Value="Reason For Variance"/>
        <Property Name="LeafElement_hint" Value="LeafElement_no_attribute"/>
        <Property Name="nillable" Value="true"/>
        <Property Name="originalName" Value="reasonForVariance"/>
        <Property Name="targetNamespace"
                  Value="http://xmlns.oracle.com/bpm/bpmobject/CapexClosureModule/ClosureBusinessObject"/>
        <Property Name="type" Value="java.lang.String"/>
      </CustomProperties>
    </Properties>
  </Attribute>
  <Attribute Name="confirmPurchaseWorkOrd" Type="java.lang.String">
    <Properties>
      <CustomProperties>
        <Property Name="nextSiblingNamespace"
                  Value="http://xmlns.oracle.com/bpm/bpmobject/CapexClosureModule/ClosureBusinessObject"/>
        <Property Name="nextSibling" Value="confirmBillSubmit"/>
        <Property Name="minOccurs" Value="1"/>
        <Property Name="maxOccurs" Value="1"/>
        <Property Name="LABEL" Value="Confirm Purchase Work Ord"/>
        <Property Name="LeafElement_hint" Value="LeafElement_no_attribute"/>
        <Property Name="nillable" Value="true"/>
        <Property Name="originalName" Value="confirmPurchaseWorkOrd"/>
        <Property Name="targetNamespace"
                  Value="http://xmlns.oracle.com/bpm/bpmobject/CapexClosureModule/ClosureBusinessObject"/>
        <Property Name="type" Value="java.lang.String"/>
      </CustomProperties>
    </Properties>
  </Attribute>
  <Attribute Name="confirmBillSubmit" Type="java.lang.String">
    <Properties>
      <CustomProperties>
        <Property Name="nextSiblingNamespace"
                  Value="http://xmlns.oracle.com/bpm/bpmobject/CapexClosureModule/ClosureBusinessObject"/>
        <Property Name="nextSibling" Value="projectFinancials"/>
        <Property Name="minOccurs" Value="1"/>
        <Property Name="maxOccurs" Value="1"/>
        <Property Name="LABEL" Value="Confirm Bill Submit"/>
        <Property Name="LeafElement_hint" Value="LeafElement_no_attribute"/>
        <Property Name="nillable" Value="true"/>
        <Property Name="originalName" Value="confirmBillSubmit"/>
        <Property Name="targetNamespace"
                  Value="http://xmlns.oracle.com/bpm/bpmobject/CapexClosureModule/ClosureBusinessObject"/>
        <Property Name="type" Value="java.lang.String"/>
      </CustomProperties>
    </Properties>
  </Attribute>
  <Attribute Name="projectFinancials" Type="java.lang.String">
    <Properties>
      <CustomProperties>
        <Property Name="nextSiblingNamespace"
                  Value="http://xmlns.oracle.com/bpm/bpmobject/CapexClosureModule/ClosureBusinessObject"/>
        <Property Name="nextSibling" Value="deviationAgainstCapitalization"/>
        <Property Name="minOccurs" Value="1"/>
        <Property Name="maxOccurs" Value="1"/>
        <Property Name="LABEL" Value="Project Financials"/>
        <Property Name="LeafElement_hint" Value="LeafElement_no_attribute"/>
        <Property Name="nillable" Value="true"/>
        <Property Name="originalName" Value="projectFinancials"/>
        <Property Name="targetNamespace"
                  Value="http://xmlns.oracle.com/bpm/bpmobject/CapexClosureModule/ClosureBusinessObject"/>
        <Property Name="type" Value="java.lang.String"/>
      </CustomProperties>
    </Properties>
  </Attribute>
  <Attribute Name="deviationAgainstCapitalization" Type="java.lang.String">
    <Properties>
      <CustomProperties>
        <Property Name="nextSiblingNamespace"
                  Value="http://xmlns.oracle.com/bpm/bpmobject/CapexClosureModule/ClosureBusinessObject"/>
        <Property Name="nextSibling" Value="highlightChanges"/>
        <Property Name="minOccurs" Value="1"/>
        <Property Name="maxOccurs" Value="1"/>
        <Property Name="LABEL" Value="Deviation Against Capitalization"/>
        <Property Name="LeafElement_hint" Value="LeafElement_no_attribute"/>
        <Property Name="nillable" Value="true"/>
        <Property Name="originalName" Value="deviationAgainstCapitalization"/>
        <Property Name="targetNamespace"
                  Value="http://xmlns.oracle.com/bpm/bpmobject/CapexClosureModule/ClosureBusinessObject"/>
        <Property Name="type" Value="java.lang.String"/>
      </CustomProperties>
    </Properties>
  </Attribute>
  <Attribute Name="highlightChanges" Type="java.lang.String">
    <Properties>
      <CustomProperties>
        <Property Name="nextSiblingNamespace"
                  Value="http://xmlns.oracle.com/bpm/bpmobject/CapexClosureModule/ClosureBusinessObject"/>
        <Property Name="nextSibling" Value="operatingUnit"/>
        <Property Name="minOccurs" Value="1"/>
        <Property Name="maxOccurs" Value="1"/>
        <Property Name="LABEL" Value="Highlight Changes"/>
        <Property Name="LeafElement_hint" Value="LeafElement_no_attribute"/>
        <Property Name="nillable" Value="true"/>
        <Property Name="originalName" Value="highlightChanges"/>
        <Property Name="targetNamespace"
                  Value="http://xmlns.oracle.com/bpm/bpmobject/CapexClosureModule/ClosureBusinessObject"/>
        <Property Name="type" Value="java.lang.String"/>
      </CustomProperties>
    </Properties>
  </Attribute>
  <Attribute Name="operatingUnit" Type="java.lang.String">
    <Properties>
      <CustomProperties>
        <Property Name="nextSiblingNamespace"
                  Value="http://xmlns.oracle.com/bpm/bpmobject/CapexClosureModule/ClosureBusinessObject"/>
        <Property Name="nextSibling" Value="business"/>
        <Property Name="minOccurs" Value="1"/>
        <Property Name="maxOccurs" Value="1"/>
        <Property Name="LABEL" Value="Operating Unit"/>
        <Property Name="LeafElement_hint" Value="LeafElement_no_attribute"/>
        <Property Name="nillable" Value="true"/>
        <Property Name="originalName" Value="operatingUnit"/>
        <Property Name="targetNamespace"
                  Value="http://xmlns.oracle.com/bpm/bpmobject/CapexClosureModule/ClosureBusinessObject"/>
        <Property Name="type" Value="java.lang.String"/>
      </CustomProperties>
    </Properties>
  </Attribute>
  <Attribute Name="business" Type="java.lang.String">
    <Properties>
      <CustomProperties>
        <Property Name="nextSiblingNamespace"
                  Value="http://xmlns.oracle.com/bpm/bpmobject/CapexClosureModule/ClosureBusinessObject"/>
        <Property Name="nextSibling" Value="department"/>
        <Property Name="minOccurs" Value="1"/>
        <Property Name="maxOccurs" Value="1"/>
        <Property Name="LABEL" Value="Business"/>
        <Property Name="LeafElement_hint" Value="LeafElement_no_attribute"/>
        <Property Name="nillable" Value="true"/>
        <Property Name="originalName" Value="business"/>
        <Property Name="targetNamespace"
                  Value="http://xmlns.oracle.com/bpm/bpmobject/CapexClosureModule/ClosureBusinessObject"/>
        <Property Name="type" Value="java.lang.String"/>
      </CustomProperties>
    </Properties>
  </Attribute>
  <Attribute Name="department" Type="java.lang.String">
    <Properties>
      <CustomProperties>
        <Property Name="nextSiblingNamespace"
                  Value="http://xmlns.oracle.com/bpm/bpmobject/CapexClosureModule/ClosureBusinessObject"/>
        <Property Name="nextSibling" Value="budgeted"/>
        <Property Name="minOccurs" Value="1"/>
        <Property Name="maxOccurs" Value="1"/>
        <Property Name="LABEL" Value="Department"/>
        <Property Name="LeafElement_hint" Value="LeafElement_no_attribute"/>
        <Property Name="nillable" Value="true"/>
        <Property Name="originalName" Value="department"/>
        <Property Name="targetNamespace"
                  Value="http://xmlns.oracle.com/bpm/bpmobject/CapexClosureModule/ClosureBusinessObject"/>
        <Property Name="type" Value="java.lang.String"/>
      </CustomProperties>
    </Properties>
  </Attribute>
  <Attribute Name="budgeted" Type="java.lang.String">
    <Properties>
      <CustomProperties>
        <Property Name="nextSiblingNamespace"
                  Value="http://xmlns.oracle.com/bpm/bpmobject/CapexClosureModule/ClosureBusinessObject"/>
        <Property Name="nextSibling" Value="item"/>
        <Property Name="minOccurs" Value="1"/>
        <Property Name="maxOccurs" Value="1"/>
        <Property Name="LABEL" Value="Budgeted"/>
        <Property Name="LeafElement_hint" Value="LeafElement_no_attribute"/>
        <Property Name="nillable" Value="true"/>
        <Property Name="originalName" Value="budgeted"/>
        <Property Name="targetNamespace"
                  Value="http://xmlns.oracle.com/bpm/bpmobject/CapexClosureModule/ClosureBusinessObject"/>
        <Property Name="type" Value="java.lang.String"/>
      </CustomProperties>
    </Properties>
  </Attribute>
  <Attribute Name="item" Type="java.lang.String">
    <Properties>
      <CustomProperties>
        <Property Name="nextSiblingNamespace"
                  Value="http://xmlns.oracle.com/bpm/bpmobject/CapexClosureModule/ClosureBusinessObject"/>
        <Property Name="nextSibling" Value="amount"/>
        <Property Name="minOccurs" Value="1"/>
        <Property Name="maxOccurs" Value="1"/>
        <Property Name="LABEL" Value="Item"/>
        <Property Name="LeafElement_hint" Value="LeafElement_no_attribute"/>
        <Property Name="nillable" Value="true"/>
        <Property Name="originalName" Value="item"/>
        <Property Name="targetNamespace"
                  Value="http://xmlns.oracle.com/bpm/bpmobject/CapexClosureModule/ClosureBusinessObject"/>
        <Property Name="type" Value="java.lang.String"/>
      </CustomProperties>
    </Properties>
  </Attribute>
  <Attribute Name="amount" Type="java.lang.String">
    <Properties>
      <CustomProperties>
        <Property Name="nextSiblingNamespace"
                  Value="http://xmlns.oracle.com/bpm/bpmobject/CapexClosureModule/ClosureBusinessObject"/>
        <Property Name="nextSibling" Value="plant"/>
        <Property Name="minOccurs" Value="1"/>
        <Property Name="maxOccurs" Value="1"/>
        <Property Name="LABEL" Value="Amount"/>
        <Property Name="LeafElement_hint" Value="LeafElement_no_attribute"/>
        <Property Name="nillable" Value="true"/>
        <Property Name="originalName" Value="amount"/>
        <Property Name="targetNamespace"
                  Value="http://xmlns.oracle.com/bpm/bpmobject/CapexClosureModule/ClosureBusinessObject"/>
        <Property Name="type" Value="java.lang.String"/>
      </CustomProperties>
    </Properties>
  </Attribute>
  <Attribute Name="plant" Type="java.lang.String">
    <Properties>
      <CustomProperties>
        <Property Name="minOccurs" Value="1"/>
        <Property Name="maxOccurs" Value="1"/>
        <Property Name="LABEL" Value="Plant"/>
        <Property Name="LeafElement_hint" Value="LeafElement_no_attribute"/>
        <Property Name="nillable" Value="true"/>
        <Property Name="originalName" Value="plant"/>
        <Property Name="targetNamespace"
                  Value="http://xmlns.oracle.com/bpm/bpmobject/CapexClosureModule/ClosureBusinessObject"/>
        <Property Name="type" Value="java.lang.String"/>
      </CustomProperties>
    </Properties>
  </Attribute>
</JavaBean>
