<?xml version = '1.0' encoding = 'UTF-8'?>
<oracle-webservice-clients xmlns:ns2="http://java.sun.com/xml/ns/javaee">
   <webservice-client>
      <service-qname localpart="XXSRF_CAPEX_API_Service"
                     namespaceURI="http://xmlns.oracle.com/apps/xxsrf/soaprovider/plsql/xxsrf_capex_api/"/>
      <port-info>
         <wsdl-port localpart="XXSRF_CAPEX_API_Port"
                    namespaceURI="http://xmlns.oracle.com/apps/xxsrf/soaprovider/plsql/xxsrf_capex_api/"/>
         <runtime/>
         <policy-references>
            <policy-reference uri="oracle/wss_username_token_client_policy"
                              category="security"/>
         </policy-references>
         <operations>
            <operation name="closecapex"/>
            <operation name="getassetcategory"/>
            <operation name="getassetvalue"/>
            <operation name="getbudgetconsumed"/>
            <operation name="getbudgetrefdtl"/>
            <operation name="getbusinessunit"/>
            <operation name="getcapexdtl"/>
            <operation name="getcapexno"/>
            <operation name="getcapexCATEGORY"/>
            <operation name="getcapexPURPOSE"/>
            <operation name="getcapexSTATUS"/>
            <operation name="getclosecapexno"/>
            <operation name="getconverison"/>
            <operation name="getcoordinator"/>
            <operation name="getcostCENTER"/>
            <operation name="getcurrencies"/>
            <operation name="getproduct"/>
            <operation name="getORGBUSINESS"/>
            <operation name="setcapexVALUES"/>
         </operations>
      </port-info>
   </webservice-client>
</oracle-webservice-clients>
