<?xml version="1.0" encoding="UTF-8"?>
<job-scheduling-data xmlns="http://www.quartz-scheduler.org/xml/JobSchedulingData"
                     xmlns:xsi="http://www.w3.org/2001/XMLSchema-instance"
                     xsi:schemaLocation="http://www.quartz-scheduler.org/xml/JobSchedulingData http://www.quartz-scheduler.org/xml/job_scheduling_data_1_8.xsd"
                     version="1.8">    
    <schedule>

        <job>
            <name>SFTPJob</name>
            <job-class>com.honeywell.scheduler.jobs.SFTPJob</job-class>
        </job>	
       	   
        <trigger>
            <cron>
                <name>cron-trigger</name>
                <job-name>SFTPJob</job-name>
               			
                <cron-expression>0 30    16 * * ?</cron-expression> 
            </cron>
             
        </trigger>
        
          
       
        

    </schedule>    <!--
    <schedule>
        
        <job>
            <name>GAEBReportJob</name>
            <job-class>com.honeywell.scheduler.jobs.GAEBReportJob</job-class>
        </job>
        <trigger>
           
            <cron>
                <name>cron-triggergaeb</name>
              
                <job-name>GAEBReportJob</job-name>				
                <cron-expression>0 20 8 * * ?</cron-expression> 
            </cron>
        </trigger>
    </schedule>-->
</job-scheduling-data>
