<?xml version="1.0" encoding="UTF-8" ?>
<JavaBean xmlns="http://xmlns.oracle.com/adfm/beanmodel" version="11.1.1.65.57"
          id="keyListType" Package="ViewController_ClosureApproversTask"
          BeanClass="ViewController_ClosureApproversTask.keyListType"
          isJavaBased="false">
  <AccessorAttribute id="key" IsCollection="true"
                     BeanClass="ViewController_ClosureApproversTask.keyType"
                     CollectionBeanClass="ViewController_ClosureApproversTask.keyType_key_Operations">
    <Properties>
      <Property Name="minOccurs" Value="1"/>
      <Property Name="maxOccurs" Value="2147483640"/>
      <Property Name="LABEL" Value="Key"/>
      <Property Name="nillable" Value="false"/>
      <Property Name="originalName" Value="key"/>
      <Property Name="targetNamespace"
                Value="http://xmlns.oracle.com/bpel/workflow/task"/>
    </Properties>
  </AccessorAttribute>
</JavaBean>
