<?xml version="1.0" encoding="UTF-8" ?>
<JavaBean xmlns="http://xmlns.oracle.com/adfm/beanmodel" version="11.1.1.65.57"
          id="getTaskDetails"
          Package="ViewController_ClosureAcknowledgementTask"
          BeanClass="ViewController_ClosureAcknowledgementTask.getTaskDetails"
          isJavaBased="false">
  <AccessorAttribute id="task" IsCollection="true"
                     BeanClass="ViewController_ClosureAcknowledgementTask.task"
                     CollectionBeanClass="ViewController_ClosureAcknowledgementTask.getTaskDetails_Operations">
    <Properties>
      <Property Name="minOccurs" Value="1"/>
      <Property Name="maxOccurs" Value="1"/>
      <Property Name="LABEL" Value="Task"/>
      <Property Name="nillable" Value="false"/>
      <Property Name="originalName" Value="task"/>
      <Property Name="targetNamespace"
                Value="http://xmlns.oracle.com/bpel/workflow/task"/>
    </Properties>
  </AccessorAttribute>
</JavaBean>
