<?xml version="1.0" encoding="UTF-8" ?>
<JavaBean xmlns="http://xmlns.oracle.com/adfm/beanmodel" version="11.1.1.65.57"
          id="capexClosureTable" Package="ViewController_FinanceCheckerTask"
          BeanClass="ViewController_FinanceCheckerTask.capexClosureTable"
          isJavaBased="false">
  <AccessorAttribute id="capexClosureStatusTable" IsCollection="true"
                     BeanClass="ViewController_FinanceCheckerTask.capexClosureStatusTable"
                     CollectionBeanClass="ViewController_FinanceCheckerTask.capexClosureStatusTable_capexClosureStatusTable_Operations">
    <Properties>
      <Property Name="minOccurs" Value="1"/>
      <Property Name="maxOccurs" Value="2147483640"/>
      <Property Name="LABEL" Value="Capex Closure Status Table"/>
      <Property Name="nillable" Value="false"/>
      <Property Name="originalName" Value="capexClosureStatusTable"/>
      <Property Name="targetNamespace" Value="http://www.SRFCapexClosure.org"/>
    </Properties>
  </AccessorAttribute>
</JavaBean>
