<?xml version="1.0" encoding="UTF-8" ?>
<pageDefinition xmlns="http://xmlns.oracle.com/adfm/uimodel"
                version="11.1.1.65.57" id="closureAckTaskPageDef"
                Package="viewcontroller.pageDefs">
  <parameters/>
  <executables>
    <variableIterator id="variables"/>
    <methodIterator Binds="getTaskDetails.result"
                    DataControl="ViewController_ClosureAcknowledgementTask"
                    RangeSize="25"
                    BeanClass="ViewController_ClosureAcknowledgementTask.getTaskDetails"
                    id="getTaskDetailsIterator"/>
    <accessorIterator MasterBinding="getTaskDetailsIterator" Binds="task"
                      RangeSize="25"
                      DataControl="ViewController_ClosureAcknowledgementTask"
                      BeanClass="ViewController_ClosureAcknowledgementTask.task"
                      id="taskIterator" StateValidation="false"/>
    <accessorIterator MasterBinding="taskIterator" Binds="systemAttributes"
                      RangeSize="25"
                      DataControl="ViewController_ClosureAcknowledgementTask"
                      BeanClass="ViewController_ClosureAcknowledgementTask.systemAttributesType"
                      id="systemAttributesIterator"/>
    <accessorIterator MasterBinding="systemAttributesIterator"
                      Binds="systemActions" RangeSize="50"
                      DataControl="ViewController_ClosureAcknowledgementTask"
                      BeanClass="ViewController_ClosureAcknowledgementTask.actionType"
                      id="systemActionsIterator" StateValidation="false"/>
    <accessorIterator MasterBinding="systemAttributesIterator"
                      Binds="customActions" RangeSize="25"
                      DataControl="ViewController_ClosureAcknowledgementTask"
                      BeanClass="ViewController_ClosureAcknowledgementTask.actionType"
                      id="customActionsIterator"/>
    <accessorIterator MasterBinding="systemAttributesIterator" Binds="fromUser"
                      RangeSize="25"
                      DataControl="ViewController_ClosureAcknowledgementTask"
                      BeanClass="ViewController_ClosureAcknowledgementTask.identityType"
                      id="fromUserIterator"/>
    <accessorIterator MasterBinding="systemAttributesIterator" Binds="assignees"
                      RangeSize="25"
                      DataControl="ViewController_ClosureAcknowledgementTask"
                      BeanClass="ViewController_ClosureAcknowledgementTask.identityType"
                      id="assigneesIterator" StateValidation="false"/>
    <accessorIterator MasterBinding="taskIterator" Binds="payload"
                      RangeSize="25"
                      DataControl="ViewController_ClosureAcknowledgementTask"
                      BeanClass="ViewController_ClosureAcknowledgementTask.ClosureAcknowledgementTaskPayloadType"
                      id="payloadIterator"/>
    <accessorIterator MasterBinding="payloadIterator"
                      Binds="ClosureBusinessObject" RangeSize="25"
                      DataControl="ViewController_ClosureAcknowledgementTask"
                      BeanClass="ViewController_ClosureAcknowledgementTask.ClosureBusinessObjectType"
                      id="ClosureBusinessObjectIterator"/>
    <accessorIterator MasterBinding="payloadIterator" Binds="capexClosureTable"
                      RangeSize="25"
                      DataControl="ViewController_ClosureAcknowledgementTask"
                      BeanClass="ViewController_ClosureAcknowledgementTask.capexClosureTable"
                      id="capexClosureTableIterator"/>
    <accessorIterator MasterBinding="capexClosureTableIterator"
                      Binds="capexClosureStatusTable" RangeSize="25"
                      DataControl="ViewController_ClosureAcknowledgementTask"
                      BeanClass="ViewController_ClosureAcknowledgementTask.capexClosureStatusTable"
                      id="capexClosureStatusTableIterator"/>
    <searchRegion Binds="capexClosureStatusTableIterator" Criteria=""
                  Customizer="oracle.jbo.uicli.binding.JUSearchBindingCustomizer"
                  id="capexClosureStatusTableQuery"/>
    <accessorIterator MasterBinding="taskIterator" Binds="userComment"
                      RangeSize="25"
                      DataControl="ViewController_ClosureAcknowledgementTask"
                      BeanClass="ViewController_ClosureAcknowledgementTask.commentType"
                      id="userCommentIterator" StateValidation="false"/>
    <accessorIterator MasterBinding="userCommentIterator" Binds="updatedBy"
                      RangeSize="25"
                      DataControl="ViewController_ClosureAcknowledgementTask"
                      BeanClass="ViewController_ClosureAcknowledgementTask.identityType"
                      id="updatedByIterator" StateValidation="false"/>
    <accessorIterator MasterBinding="taskIterator" Binds="attachment"
                      RangeSize="25"
                      DataControl="ViewController_ClosureAcknowledgementTask"
                      BeanClass="ViewController_ClosureAcknowledgementTask.attachmentType"
                      id="attachmentIterator" StateValidation="false"/>
    <accessorIterator MasterBinding="attachmentIterator" Binds="ucmMetadataItem"
                      RangeSize="25"
                      DataControl="ViewController_ClosureAcknowledgementTask"
                      BeanClass="ViewController_ClosureAcknowledgementTask.ucmMetadataItemType"
                      id="ucmMetadataItemIterator" StateValidation="false"/>
    <methodIterator Binds="getTaskDetails1.result"
                    DataControl="ViewController_ClosureApproversTask"
                    RangeSize="25"
                    BeanClass="ViewController_ClosureApproversTask.getTaskDetails"
                    id="getTaskDetails1Iterator"/>
    <accessorIterator MasterBinding="getTaskDetails1Iterator" Binds="task"
                      RangeSize="25"
                      DataControl="ViewController_ClosureApproversTask"
                      BeanClass="ViewController_ClosureApproversTask.task"
                      id="taskIterator1"/>
    <accessorIterator MasterBinding="taskIterator1" Binds="payload"
                      RangeSize="25"
                      DataControl="ViewController_ClosureApproversTask"
                      BeanClass="ViewController_ClosureApproversTask.ClosureApproversTaskPayloadType"
                      id="payloadIterator1"/>
    <accessorIterator MasterBinding="payloadIterator1"
                      Binds="CapexDetailsObject" RangeSize="25"
                      DataControl="ViewController_ClosureApproversTask"
                      BeanClass="ViewController_ClosureApproversTask.CapexDetailsObjectType"
                      id="CapexDetailsObjectIterator"/>
    <accessorIterator MasterBinding="payloadIterator" Binds="CapexDetailsObject"
                      RangeSize="10"
                      DataControl="ViewController_ClosureAcknowledgementTask"
                      BeanClass="ViewController_ClosureAcknowledgementTask.CapexDetailsObjectType"
                      id="CapexDetailsObjectIterator1"/>
  </executables>
  <bindings>
    <methodAction id="getTaskDetails" RequiresUpdateModel="true"
                  Action="invokeMethod" MethodName="getTaskDetails"
                  IsViewObjectMethod="false"
                  DataControl="ViewController_ClosureAcknowledgementTask"
                  InstanceName="ViewController_ClosureAcknowledgementTask"
                  ReturnName="data.ViewController_ClosureAcknowledgementTask.methodResults.getTaskDetails_ViewController_ClosureAcknowledgementTask_getTaskDetails_result">
      <NamedData NDName="bpmWorklistContext" NDType="java.lang.String"/>
      <NamedData NDName="bpmWorklistTaskId" NDType="java.lang.String"/>
      <NamedData NDName="bpmWorklistTaskVersion" NDType="java.lang.String"/>
    </methodAction>
    <attributeValues IterBinding="taskIterator" id="title">
      <AttrNames>
        <Item Value="title"/>
      </AttrNames>
    </attributeValues>
    <methodAction IterBinding="taskIterator" id="UpdateAction"
                  RequiresUpdateModel="true" Action="invokeMethod"
                  MethodName="UpdateAction" IsViewObjectMethod="false"
                  DataControl="ViewController_ClosureAcknowledgementTask"
                  InstanceName="bindings.taskIterator.currentRow.dataProvider"
                  IsLocalObjectReference="true">
      <NamedData NDName="action" NDType="java.lang.String"/>
    </methodAction>
    <methodAction IterBinding="taskIterator" id="update"
                  RequiresUpdateModel="true" Action="invokeMethod"
                  MethodName="update" IsViewObjectMethod="false"
                  DataControl="ViewController_ClosureAcknowledgementTask"
                  InstanceName="bindings.taskIterator.currentRow.dataProvider"
                  IsLocalObjectReference="true"/>
    <navigationlist IterBinding="systemActionsIterator"
                    ListOperMode="navigation" ListIter="systemActionsIterator"
                    id="systemActions">
      <AttrNames>
        <Item Value="action"/>
        <Item Value="displayName"/>
      </AttrNames>
    </navigationlist>
    <attributeValues IterBinding="systemAttributesIterator"
                     id="digitalSignatureRequired">
      <AttrNames>
        <Item Value="digitalSignatureRequired"/>
      </AttrNames>
    </attributeValues>
    <attributeValues IterBinding="systemAttributesIterator"
                     id="passwordRequiredOnUpdate">
      <AttrNames>
        <Item Value="passwordRequiredOnUpdate"/>
      </AttrNames>
    </attributeValues>
    <navigationlist IterBinding="customActionsIterator"
                    ListOperMode="navigation" ListIter="customActionsIterator"
                    id="customActions">
      <AttrNames>
        <Item Value="action"/>
        <Item Value="displayName"/>
      </AttrNames>
    </navigationlist>
    <methodAction IterBinding="taskIterator" id="Claim"
                  RequiresUpdateModel="true" Action="invokeMethod"
                  MethodName="Claim" IsViewObjectMethod="false"
                  DataControl="ViewController_ClosureAcknowledgementTask"
                  InstanceName="bindings.taskIterator.currentRow.dataProvider"
                  IsLocalObjectReference="true"/>
    <methodAction IterBinding="taskIterator" id="Acknowledge"
                  RequiresUpdateModel="true" Action="invokeMethod"
                  MethodName="Acknowledge" IsViewObjectMethod="false"
                  DataControl="ViewController_ClosureAcknowledgementTask"
                  InstanceName="bindings.taskIterator.currentRow.dataProvider"
                  IsLocalObjectReference="true"/>
    <methodAction IterBinding="taskIterator" id="Resume"
                  RequiresUpdateModel="true" Action="invokeMethod"
                  MethodName="Resume" IsViewObjectMethod="false"
                  DataControl="ViewController_ClosureAcknowledgementTask"
                  InstanceName="bindings.taskIterator.currentRow.dataProvider"
                  IsLocalObjectReference="true"/>
    <methodAction IterBinding="taskIterator" id="Withdraw"
                  RequiresUpdateModel="true" Action="invokeMethod"
                  MethodName="Withdraw" IsViewObjectMethod="false"
                  DataControl="ViewController_ClosureAcknowledgementTask"
                  InstanceName="bindings.taskIterator.currentRow.dataProvider"
                  IsLocalObjectReference="true"/>
    <methodAction IterBinding="taskIterator" id="OK" RequiresUpdateModel="true"
                  Action="invokeMethod" MethodName="OK"
                  IsViewObjectMethod="false"
                  DataControl="ViewController_ClosureAcknowledgementTask"
                  InstanceName="bindings.taskIterator.currentRow.dataProvider"
                  IsLocalObjectReference="true"/>
    <attributeValues IterBinding="taskIterator" id="creator">
      <AttrNames>
        <Item Value="creator"/>
      </AttrNames>
    </attributeValues>
    <attributeValues IterBinding="taskIterator" id="ownerUser">
      <AttrNames>
        <Item Value="ownerUser"/>
      </AttrNames>
    </attributeValues>
    <attributeValues IterBinding="taskIterator" id="priority">
      <AttrNames>
        <Item Value="priority"/>
      </AttrNames>
    </attributeValues>
    <attributeValues IterBinding="taskIterator" id="dueDate">
      <AttrNames>
        <Item Value="dueDate"/>
      </AttrNames>
    </attributeValues>
    <attributeValues IterBinding="taskIterator" id="creatorDisplayName">
      <AttrNames>
        <Item Value="creatorDisplayName"/>
      </AttrNames>
    </attributeValues>
    <attributeValues IterBinding="taskIterator" id="ownerUserDisplayName">
      <AttrNames>
        <Item Value="ownerUserDisplayName"/>
      </AttrNames>
    </attributeValues>
    <attributeValues IterBinding="systemAttributesIterator" id="acquiredBy">
      <AttrNames>
        <Item Value="acquiredBy"/>
      </AttrNames>
    </attributeValues>
    <attributeValues IterBinding="systemAttributesIterator" id="assignedDate">
      <AttrNames>
        <Item Value="assignedDate"/>
      </AttrNames>
    </attributeValues>
    <attributeValues IterBinding="systemAttributesIterator" id="createdDate">
      <AttrNames>
        <Item Value="createdDate"/>
      </AttrNames>
    </attributeValues>
    <attributeValues IterBinding="systemAttributesIterator" id="expirationDate">
      <AttrNames>
        <Item Value="expirationDate"/>
      </AttrNames>
    </attributeValues>
    <attributeValues IterBinding="systemAttributesIterator" id="outcome">
      <AttrNames>
        <Item Value="outcome"/>
      </AttrNames>
    </attributeValues>
    <attributeValues IterBinding="systemAttributesIterator" id="state">
      <AttrNames>
        <Item Value="state"/>
      </AttrNames>
    </attributeValues>
    <attributeValues IterBinding="systemAttributesIterator" id="taskNumber">
      <AttrNames>
        <Item Value="taskNumber"/>
      </AttrNames>
    </attributeValues>
    <attributeValues IterBinding="systemAttributesIterator" id="updatedDate">
      <AttrNames>
        <Item Value="updatedDate"/>
      </AttrNames>
    </attributeValues>
    <attributeValues IterBinding="systemAttributesIterator"
                     id="taskViewContext">
      <AttrNames>
        <Item Value="taskViewContext"/>
      </AttrNames>
    </attributeValues>
    <attributeValues IterBinding="systemAttributesIterator"
                     id="actionDisplayName">
      <AttrNames>
        <Item Value="actionDisplayName"/>
      </AttrNames>
    </attributeValues>
    <attributeValues IterBinding="systemAttributesIterator" id="componentType">
      <AttrNames>
        <Item Value="componentType"/>
      </AttrNames>
    </attributeValues>
    <attributeValues IterBinding="systemAttributesIterator" id="activityId">
      <AttrNames>
        <Item Value="activityId"/>
      </AttrNames>
    </attributeValues>
    <attributeValues IterBinding="fromUserIterator" id="id">
      <AttrNames>
        <Item Value="id"/>
      </AttrNames>
    </attributeValues>
    <attributeValues IterBinding="fromUserIterator" id="displayName">
      <AttrNames>
        <Item Value="displayName"/>
      </AttrNames>
    </attributeValues>
    <tree IterBinding="assigneesIterator" id="assignees">
      <nodeDefinition DefName="ViewController_ClosureAcknowledgementTask.identityType"
                      Name="assignees0">
        <AttrNames>
          <Item Value="id"/>
          <Item Value="displayName"/>
          <Item Value="type"/>
          <Item Value="systemVersionFlag"/>
        </AttrNames>
      </nodeDefinition>
    </tree>
    <attributeValues IterBinding="ClosureBusinessObjectIterator"
                     id="projectCode">
      <AttrNames>
        <Item Value="projectCode"/>
      </AttrNames>
    </attributeValues>
    <attributeValues IterBinding="ClosureBusinessObjectIterator"
                     id="projectTitle">
      <AttrNames>
        <Item Value="projectTitle"/>
      </AttrNames>
    </attributeValues>
    <attributeValues IterBinding="ClosureBusinessObjectIterator"
                     id="dateOfCompletion">
      <AttrNames>
        <Item Value="dateOfCompletion"/>
      </AttrNames>
    </attributeValues>
    <attributeValues IterBinding="ClosureBusinessObjectIterator"
                     id="dateOfCapitalization">
      <AttrNames>
        <Item Value="dateOfCapitalization"/>
      </AttrNames>
    </attributeValues>
    <attributeValues IterBinding="ClosureBusinessObjectIterator"
                     id="typeOfCapex">
      <AttrNames>
        <Item Value="typeOfCapex"/>
      </AttrNames>
    </attributeValues>
    <attributeValues IterBinding="ClosureBusinessObjectIterator"
                     id="dateOfApproval">
      <AttrNames>
        <Item Value="dateOfApproval"/>
      </AttrNames>
    </attributeValues>
    <attributeValues IterBinding="ClosureBusinessObjectIterator"
                     id="detailsOfAssestsCapitalized">
      <AttrNames>
        <Item Value="detailsOfAssestsCapitalized"/>
      </AttrNames>
    </attributeValues>
    <attributeValues IterBinding="ClosureBusinessObjectIterator"
                     id="sanctionedAmount">
      <AttrNames>
        <Item Value="sanctionedAmount"/>
      </AttrNames>
    </attributeValues>
    <attributeValues IterBinding="ClosureBusinessObjectIterator"
                     id="actualAmount">
      <AttrNames>
        <Item Value="actualAmount"/>
      </AttrNames>
    </attributeValues>
    <attributeValues IterBinding="ClosureBusinessObjectIterator" id="variance">
      <AttrNames>
        <Item Value="variance"/>
      </AttrNames>
    </attributeValues>
    <attributeValues IterBinding="ClosureBusinessObjectIterator"
                     id="scheduledDateOfCompletion">
      <AttrNames>
        <Item Value="scheduledDateOfCompletion"/>
      </AttrNames>
    </attributeValues>
    <attributeValues IterBinding="ClosureBusinessObjectIterator"
                     id="actualDateOfCompletion">
      <AttrNames>
        <Item Value="actualDateOfCompletion"/>
      </AttrNames>
    </attributeValues>
    <attributeValues IterBinding="ClosureBusinessObjectIterator"
                     id="reasonForVariance">
      <AttrNames>
        <Item Value="reasonForVariance"/>
      </AttrNames>
    </attributeValues>
    <attributeValues IterBinding="ClosureBusinessObjectIterator"
                     id="confirmPurchaseWorkOrd">
      <AttrNames>
        <Item Value="confirmPurchaseWorkOrd"/>
      </AttrNames>
    </attributeValues>
    <attributeValues IterBinding="ClosureBusinessObjectIterator"
                     id="confirmBillSubmit">
      <AttrNames>
        <Item Value="confirmBillSubmit"/>
      </AttrNames>
    </attributeValues>
    <attributeValues IterBinding="ClosureBusinessObjectIterator"
                     id="projectFinancials">
      <AttrNames>
        <Item Value="projectFinancials"/>
      </AttrNames>
    </attributeValues>
    <attributeValues IterBinding="ClosureBusinessObjectIterator"
                     id="deviationAgainstCapitalization">
      <AttrNames>
        <Item Value="deviationAgainstCapitalization"/>
      </AttrNames>
    </attributeValues>
    <attributeValues IterBinding="ClosureBusinessObjectIterator"
                     id="highlightChanges">
      <AttrNames>
        <Item Value="highlightChanges"/>
      </AttrNames>
    </attributeValues>
    <attributeValues IterBinding="ClosureBusinessObjectIterator"
                     id="operatingUnit">
      <AttrNames>
        <Item Value="operatingUnit"/>
      </AttrNames>
    </attributeValues>
    <attributeValues IterBinding="ClosureBusinessObjectIterator" id="business">
      <AttrNames>
        <Item Value="business"/>
      </AttrNames>
    </attributeValues>
    <attributeValues IterBinding="ClosureBusinessObjectIterator"
                     id="department">
      <AttrNames>
        <Item Value="department"/>
      </AttrNames>
    </attributeValues>
    <attributeValues IterBinding="ClosureBusinessObjectIterator" id="budgeted">
      <AttrNames>
        <Item Value="budgeted"/>
      </AttrNames>
    </attributeValues>
    <attributeValues IterBinding="ClosureBusinessObjectIterator" id="item">
      <AttrNames>
        <Item Value="item"/>
      </AttrNames>
    </attributeValues>
    <attributeValues IterBinding="ClosureBusinessObjectIterator" id="amount">
      <AttrNames>
        <Item Value="amount"/>
      </AttrNames>
    </attributeValues>
    <attributeValues IterBinding="ClosureBusinessObjectIterator" id="plant">
      <AttrNames>
        <Item Value="plant"/>
      </AttrNames>
    </attributeValues>
    <action IterBinding="capexClosureStatusTableIterator" id="CreateInsert"
            RequiresUpdateModel="true" Action="createInsertRow"/>
    <action IterBinding="capexClosureStatusTableIterator" id="Delete"
            RequiresUpdateModel="false" Action="removeCurrentRow"/>
    <tree IterBinding="capexClosureStatusTableIterator"
          id="capexClosureStatusTable">
      <nodeDefinition DefName="ViewController_ClosureAcknowledgementTask.capexClosureStatusTable"
                      Name="capexClosureStatusTable0">
        <AttrNames>
          <Item Value="UOM"/>
          <Item Value="From"/>
          <Item Value="To"/>
          <Item Value="CurrentStatus"/>
          <Item Value="Remarks"/>
        </AttrNames>
      </nodeDefinition>
    </tree>
    <tree IterBinding="userCommentIterator" id="userComment">
      <nodeDefinition DefName="ViewController_ClosureAcknowledgementTask.commentType"
                      Name="userComment0">
        <AttrNames>
          <Item Value="comment"/>
          <Item Value="updatedDate"/>
          <Item Value="displayNameLanguage"/>
          <Item Value="action"/>
          <Item Value="systemVersionFlag"/>
          <Item Value="acl"/>
          <Item Value="doesBelongToParent"/>
          <Item Value="isSystemComment"/>
          <Item Value="taskId"/>
          <Item Value="commentScope"/>
          <Item Value="id"/>
          <Item Value="operation"/>
        </AttrNames>
        <Accessors>
          <Item Value="updatedBy"/>
        </Accessors>
      </nodeDefinition>
      <nodeDefinition DefName="ViewController_ClosureAcknowledgementTask.identityType"
                      Name="userComment1">
        <AttrNames>
          <Item Value="id"/>
          <Item Value="displayName"/>
          <Item Value="type"/>
          <Item Value="systemVersionFlag"/>
        </AttrNames>
      </nodeDefinition>
    </tree>
    <action IterBinding="userCommentIterator" id="CreateInsert1"
            RequiresUpdateModel="true" Action="createInsertRow"/>
    <action IterBinding="userCommentIterator" id="Delete1"
            RequiresUpdateModel="false" Action="removeCurrentRow"/>
    <attributeValues IterBinding="userCommentIterator" id="comment">
      <AttrNames>
        <Item Value="comment"/>
      </AttrNames>
    </attributeValues>
    <attributeValues IterBinding="userCommentIterator" id="commentScope">
      <AttrNames>
        <Item Value="commentScope"/>
      </AttrNames>
    </attributeValues>
    <tree IterBinding="updatedByIterator" id="updatedBy">
      <nodeDefinition DefName="ViewController_ClosureAcknowledgementTask.identityType"
                      Name="updatedBy0">
        <AttrNames>
          <Item Value="id"/>
          <Item Value="displayName"/>
          <Item Value="type"/>
          <Item Value="systemVersionFlag"/>
        </AttrNames>
      </nodeDefinition>
    </tree>
    <tree IterBinding="attachmentIterator" id="attachment">
      <nodeDefinition DefName="ViewController_ClosureAcknowledgementTask.attachmentType"
                      Name="attachment0">
        <AttrNames>
          <Item Value="content"/>
          <Item Value="mimeType"/>
          <Item Value="name"/>
          <Item Value="updatedBy"/>
          <Item Value="URI"/>
          <Item Value="systemVersionFlag"/>
          <Item Value="taskId"/>
          <Item Value="version"/>
          <Item Value="acl"/>
          <Item Value="doesBelongToParent"/>
          <Item Value="updatedDate"/>
          <Item Value="correlationId"/>
          <Item Value="size"/>
          <Item Value="description"/>
          <Item Value="storageType"/>
          <Item Value="ucmDocType"/>
          <Item Value="securityGroup"/>
          <Item Value="account"/>
          <Item Value="revision"/>
          <Item Value="releaseDate"/>
          <Item Value="expirationDate"/>
          <Item Value="title"/>
          <Item Value="attachmentScope"/>
          <Item Value="isContentEncoded"/>
          <Item Value="updatedByDisplayName"/>
          <Item Value="id"/>
          <Item Value="operation"/>
        </AttrNames>
      </nodeDefinition>
      <nodeDefinition DefName="ViewController_ClosureAcknowledgementTask.ucmMetadataItemType"
                      Name="attachment1">
        <AttrNames>
          <Item Value="name"/>
          <Item Value="value"/>
          <Item Value="type"/>
        </AttrNames>
      </nodeDefinition>
    </tree>
    <action IterBinding="attachmentIterator" id="CreateInsert2"
            RequiresUpdateModel="true" Action="createInsertRow"/>
    <action IterBinding="attachmentIterator" id="Delete2"
            RequiresUpdateModel="false" Action="removeCurrentRow"/>
    <attributeValues IterBinding="attachmentIterator" id="content">
      <AttrNames>
        <Item Value="content"/>
      </AttrNames>
    </attributeValues>
    <attributeValues IterBinding="attachmentIterator" id="mimeType">
      <AttrNames>
        <Item Value="mimeType"/>
      </AttrNames>
    </attributeValues>
    <attributeValues IterBinding="attachmentIterator" id="name">
      <AttrNames>
        <Item Value="name"/>
      </AttrNames>
    </attributeValues>
    <attributeValues IterBinding="attachmentIterator" id="updatedBy1">
      <AttrNames>
        <Item Value="updatedBy"/>
      </AttrNames>
    </attributeValues>
    <attributeValues IterBinding="attachmentIterator" id="URI">
      <AttrNames>
        <Item Value="URI"/>
      </AttrNames>
    </attributeValues>
    <attributeValues IterBinding="attachmentIterator" id="updatedDate1">
      <AttrNames>
        <Item Value="updatedDate"/>
      </AttrNames>
    </attributeValues>
    <attributeValues IterBinding="attachmentIterator" id="ucmDocType">
      <AttrNames>
        <Item Value="ucmDocType"/>
      </AttrNames>
    </attributeValues>
    <attributeValues IterBinding="attachmentIterator" id="securityGroup">
      <AttrNames>
        <Item Value="securityGroup"/>
      </AttrNames>
    </attributeValues>
    <attributeValues IterBinding="attachmentIterator" id="account">
      <AttrNames>
        <Item Value="account"/>
      </AttrNames>
    </attributeValues>
    <attributeValues IterBinding="attachmentIterator" id="revision">
      <AttrNames>
        <Item Value="revision"/>
      </AttrNames>
    </attributeValues>
    <attributeValues IterBinding="attachmentIterator" id="releaseDate">
      <AttrNames>
        <Item Value="releaseDate"/>
      </AttrNames>
    </attributeValues>
    <attributeValues IterBinding="attachmentIterator" id="expirationDate1">
      <AttrNames>
        <Item Value="expirationDate"/>
      </AttrNames>
    </attributeValues>
    <attributeValues IterBinding="attachmentIterator" id="attachmentScope">
      <AttrNames>
        <Item Value="attachmentScope"/>
      </AttrNames>
    </attributeValues>
    <action IterBinding="ucmMetadataItemIterator" id="CreateInsert3"
            RequiresUpdateModel="true" Action="createInsertRow"/>
    <action IterBinding="ucmMetadataItemIterator" id="Delete3"
            RequiresUpdateModel="false" Action="removeCurrentRow"/>
    <tree IterBinding="ucmMetadataItemIterator" id="ucmMetadataItem">
      <nodeDefinition DefName="ViewController_ClosureAcknowledgementTask.ucmMetadataItemType"
                      Name="ucmMetadataItem0">
        <AttrNames>
          <Item Value="name"/>
          <Item Value="value"/>
          <Item Value="type"/>
        </AttrNames>
      </nodeDefinition>
    </tree>
    <attributeValues IterBinding="systemAttributesIterator"
                     id="numberOfTimesModified">
      <AttrNames>
        <Item Value="numberOfTimesModified"/>
      </AttrNames>
    </attributeValues>
    <attributeValues IterBinding="systemAttributesIterator" id="version">
      <AttrNames>
        <Item Value="version"/>
      </AttrNames>
    </attributeValues>
    <tree IterBinding="userCommentIterator" id="userComment1">
      <nodeDefinition DefName="ViewController_ClosureAcknowledgementTask.commentType"
                      Name="userComment10">
        <AttrNames>
          <Item Value="comment"/>
          <Item Value="updatedDate"/>
          <Item Value="displayNameLanguage"/>
          <Item Value="action"/>
          <Item Value="systemVersionFlag"/>
          <Item Value="acl"/>
          <Item Value="doesBelongToParent"/>
          <Item Value="isSystemComment"/>
          <Item Value="taskId"/>
          <Item Value="commentScope"/>
          <Item Value="id"/>
          <Item Value="operation"/>
        </AttrNames>
        <Accessors>
          <Item Value="updatedBy"/>
        </Accessors>
      </nodeDefinition>
      <nodeDefinition DefName="ViewController_ClosureAcknowledgementTask.identityType"
                      Name="userComment11">
        <AttrNames>
          <Item Value="id"/>
          <Item Value="displayName"/>
          <Item Value="type"/>
          <Item Value="systemVersionFlag"/>
        </AttrNames>
      </nodeDefinition>
    </tree>
    <tree IterBinding="updatedByIterator" id="updatedBy2">
      <nodeDefinition DefName="ViewController_ClosureAcknowledgementTask.identityType"
                      Name="updatedBy20">
        <AttrNames>
          <Item Value="id"/>
          <Item Value="displayName"/>
          <Item Value="type"/>
          <Item Value="systemVersionFlag"/>
        </AttrNames>
      </nodeDefinition>
    </tree>
    <tree IterBinding="attachmentIterator" id="attachment1">
      <nodeDefinition DefName="ViewController_ClosureAcknowledgementTask.attachmentType"
                      Name="attachment10">
        <AttrNames>
          <Item Value="content"/>
          <Item Value="mimeType"/>
          <Item Value="name"/>
          <Item Value="updatedBy"/>
          <Item Value="URI"/>
          <Item Value="systemVersionFlag"/>
          <Item Value="taskId"/>
          <Item Value="version"/>
          <Item Value="acl"/>
          <Item Value="doesBelongToParent"/>
          <Item Value="updatedDate"/>
          <Item Value="correlationId"/>
          <Item Value="size"/>
          <Item Value="description"/>
          <Item Value="storageType"/>
          <Item Value="ucmDocType"/>
          <Item Value="securityGroup"/>
          <Item Value="account"/>
          <Item Value="revision"/>
          <Item Value="releaseDate"/>
          <Item Value="expirationDate"/>
          <Item Value="title"/>
          <Item Value="attachmentScope"/>
          <Item Value="isContentEncoded"/>
          <Item Value="updatedByDisplayName"/>
          <Item Value="id"/>
          <Item Value="operation"/>
        </AttrNames>
      </nodeDefinition>
      <nodeDefinition DefName="ViewController_ClosureAcknowledgementTask.ucmMetadataItemType"
                      Name="attachment11">
        <AttrNames>
          <Item Value="name"/>
          <Item Value="value"/>
          <Item Value="type"/>
        </AttrNames>
      </nodeDefinition>
    </tree>
    <tree IterBinding="ucmMetadataItemIterator" id="ucmMetadataItem1">
      <nodeDefinition DefName="ViewController_ClosureAcknowledgementTask.ucmMetadataItemType"
                      Name="ucmMetadataItem10">
        <AttrNames>
          <Item Value="name"/>
          <Item Value="value"/>
          <Item Value="type"/>
        </AttrNames>
      </nodeDefinition>
    </tree>
    <methodAction id="getTaskDetails1" RequiresUpdateModel="true"
                  Action="invokeMethod" MethodName="getTaskDetails"
                  IsViewObjectMethod="false"
                  DataControl="ViewController_ClosureApproversTask"
                  InstanceName="ViewController_ClosureApproversTask"
                  ReturnName="data.ViewController_ClosureApproversTask.methodResults.getTaskDetails_ViewController_ClosureApproversTask_getTaskDetails_result">
      <NamedData NDName="bpmWorklistContext" NDType="java.lang.String"/>
      <NamedData NDName="bpmWorklistTaskId" NDType="java.lang.String"/>
      <NamedData NDName="bpmWorklistTaskVersion" NDType="java.lang.String"/>
    </methodAction>
    <attributeValues IterBinding="CapexDetailsObjectIterator1" id="coordinator">
      <AttrNames>
        <Item Value="coordinator"/>
      </AttrNames>
    </attributeValues>
  </bindings>
</pageDefinition>
