<?xml version="1.0" encoding="UTF-8" standalone="yes"?>
<?oracleBPM version="11.1.1.9.0.1.7" fileRevision="20120217"?>
<processDocumentation xmlns="http://xmlns.oracle.com/bpm/taskMetadataService/processDocumentation">
    <component name="CapexClosureProcess">
        <topicDocumentations>
            <topicDocumentation name="CapexClosureProcess">
                <labels>
                    <label locale="en">Capex Closure Process</label>
                </labels>
                <descriptions>
                    <description locale="en">Capex Closure Process</description>
                </descriptions>
            </topicDocumentation>
            <topicDocumentation name="ACT19349767768350">
                <labels>
                    <label locale="en">Submit Capex Closure</label>
                </labels>
                <descriptions>
                    <description locale="en"></description>
                </descriptions>
            </topicDocumentation>
            <topicDocumentation name="ACT19349953443454">
                <labels>
                    <label locale="en">Capex DOP Service</label>
                </labels>
                <descriptions>
                    <description locale="en"></description>
                </descriptions>
            </topicDocumentation>
            <topicDocumentation name="ACT19349955786078">
                <labels>
                    <label locale="en">Approvers Task</label>
                </labels>
                <descriptions>
                    <description locale="en"></description>
                </descriptions>
            </topicDocumentation>
            <topicDocumentation name="ACT1934995836111">
                <labels>
                    <label locale="en">Finance Approval Task</label>
                </labels>
                <descriptions>
                    <description locale="en"></description>
                </descriptions>
            </topicDocumentation>
            <topicDocumentation name="ACT19350012927189">
                <labels>
                    <label locale="en">Closure Acknowledgement</label>
                </labels>
                <descriptions>
                    <description locale="en"></description>
                </descriptions>
            </topicDocumentation>
            <topicDocumentation name="ACT19350159288450">
                <labels>
                    <label locale="en">Next Approver</label>
                </labels>
                <descriptions>
                    <description locale="en"></description>
                </descriptions>
            </topicDocumentation>
            <topicDocumentation name="ACT19350432414054">
                <labels>
                    <label locale="en">Previous Approver</label>
                </labels>
                <descriptions>
                    <description locale="en"></description>
                </descriptions>
            </topicDocumentation>
            <topicDocumentation name="ACT20007428149870">
                <labels>
                    <label locale="en">Close Capex</label>
                </labels>
                <descriptions>
                    <description locale="en"></description>
                </descriptions>
            </topicDocumentation>
            <topicDocumentation name="ACT20007658701578">
                <labels>
                    <label locale="en">Subprocess</label>
                </labels>
            </topicDocumentation>
            <topicDocumentation name="ACT20007663005437">
                <labels>
                    <label locale="en">Get Task Attachment Names</label>
                </labels>
                <descriptions>
                    <description locale="en"></description>
                </descriptions>
            </topicDocumentation>
            <topicDocumentation name="ACT20007698999860">
                <labels>
                    <label locale="en">Subprocess1</label>
                </labels>
                <descriptions>
                    <description locale="en"></description>
                </descriptions>
            </topicDocumentation>
            <topicDocumentation name="ACT20007700364682">
                <labels>
                    <label locale="en">Get Task Attachment Payload</label>
                </labels>
                <descriptions>
                    <description locale="en"></description>
                </descriptions>
            </topicDocumentation>
            <topicDocumentation name="EVT20007698999946">
                <labels>
                    <label locale="en">Start2</label>
                </labels>
            </topicDocumentation>
            <topicDocumentation name="EVT20007699000039">
                <labels>
                    <label locale="en">End2</label>
                </labels>
            </topicDocumentation>
            <topicDocumentation name="sf20007699000122"/>
            <topicDocumentation name="sf20007702141890"/>
            <topicDocumentation name="EVT20007659557958">
                <labels>
                    <label locale="en">Start1</label>
                </labels>
            </topicDocumentation>
            <topicDocumentation name="EVT20007659558112">
                <labels>
                    <label locale="en">End1</label>
                </labels>
            </topicDocumentation>
            <topicDocumentation name="sf20007659558219"/>
            <topicDocumentation name="sf20007664159673"/>
            <topicDocumentation name="sf20007699000193"/>
            <topicDocumentation name="ACT20007818104724">
                <labels>
                    <label locale="en">Subprocess2</label>
                </labels>
                <descriptions>
                    <description locale="en"></description>
                </descriptions>
            </topicDocumentation>
            <topicDocumentation name="ACT20007840775896">
                <labels>
                    <label locale="en">Move File</label>
                </labels>
                <descriptions>
                    <description locale="en"></description>
                </descriptions>
            </topicDocumentation>
            <topicDocumentation name="EVT20007818212816">
                <labels>
                    <label locale="en">Start3</label>
                </labels>
            </topicDocumentation>
            <topicDocumentation name="EVT20007818212994">
                <labels>
                    <label locale="en">End3</label>
                </labels>
            </topicDocumentation>
            <topicDocumentation name="sf20007818213052"/>
            <topicDocumentation name="sf20007843793452"/>
            <topicDocumentation name="ACT20351492166543">
                <labels>
                    <label locale="en">HO Department</label>
                </labels>
                <descriptions>
                    <description locale="en"></description>
                </descriptions>
            </topicDocumentation>
            <topicDocumentation name="ACT20378705559931">
                <labels>
                    <label locale="en">Head Of Department Task</label>
                </labels>
                <descriptions>
                    <description locale="en"></description>
                </descriptions>
            </topicDocumentation>
            <topicDocumentation name="ACT20378717291265">
                <labels>
                    <label locale="en">Finance Checker Task</label>
                </labels>
                <descriptions>
                    <description locale="en"></description>
                </descriptions>
            </topicDocumentation>
            <topicDocumentation name="ACT20378980293510">
                <labels>
                    <label locale="en">ClosureOURule</label>
                </labels>
                <descriptions>
                    <description locale="en"></description>
                </descriptions>
            </topicDocumentation>
            <topicDocumentation name="ACT20379000917417">
                <labels>
                    <label locale="en">HOClosureRule</label>
                </labels>
                <descriptions>
                    <description locale="en"></description>
                </descriptions>
            </topicDocumentation>
            <topicDocumentation name="ACT20800897610570">
                <labels>
                    <label locale="en">ScriptTask</label>
                </labels>
                <descriptions>
                    <description locale="en"></description>
                </descriptions>
            </topicDocumentation>
            <topicDocumentation name="ACT20800901587468">
                <labels>
                    <label locale="en">ScriptTask</label>
                </labels>
                <descriptions>
                    <description locale="en"></description>
                </descriptions>
            </topicDocumentation>
            <topicDocumentation name="ACT20800906437979">
                <labels>
                    <label locale="en">ScriptTask</label>
                </labels>
                <descriptions>
                    <description locale="en"></description>
                </descriptions>
            </topicDocumentation>
            <topicDocumentation name="ACT20800912553130">
                <labels>
                    <label locale="en">ScriptTask</label>
                </labels>
                <descriptions>
                    <description locale="en"></description>
                </descriptions>
            </topicDocumentation>
            <topicDocumentation name="ACT2080091925294">
                <labels>
                    <label locale="en">ScriptTask</label>
                </labels>
                <descriptions>
                    <description locale="en"></description>
                </descriptions>
            </topicDocumentation>
            <topicDocumentation name="ACT20800922954779">
                <labels>
                    <label locale="en">ScriptTask</label>
                </labels>
                <descriptions>
                    <description locale="en"></description>
                </descriptions>
            </topicDocumentation>
            <topicDocumentation name="ACT20800927675527">
                <labels>
                    <label locale="en">ScriptTask</label>
                </labels>
                <descriptions>
                    <description locale="en"></description>
                </descriptions>
            </topicDocumentation>
            <topicDocumentation name="ACT20800930925892">
                <labels>
                    <label locale="en">ScriptTask</label>
                </labels>
                <descriptions>
                    <description locale="en"></description>
                </descriptions>
            </topicDocumentation>
            <topicDocumentation name="ACT20800935524371">
                <labels>
                    <label locale="en">ScriptTask</label>
                </labels>
                <descriptions>
                    <description locale="en"></description>
                </descriptions>
            </topicDocumentation>
            <topicDocumentation name="EVT1934976776835">
                <labels>
                    <label locale="en">Start</label>
                </labels>
            </topicDocumentation>
            <topicDocumentation name="EVT19349767768396">
                <labels>
                    <label locale="en">End</label>
                </labels>
            </topicDocumentation>
            <topicDocumentation name="GTW19350115020816">
                <labels>
                    <label locale="en">More Approvers ?</label>
                </labels>
                <descriptions>
                    <description locale="en"></description>
                </descriptions>
            </topicDocumentation>
            <topicDocumentation name="GTW19350123325655">
                <labels>
                    <label locale="en">ApproverOrReject</label>
                </labels>
                <descriptions>
                    <description locale="en"></description>
                </descriptions>
            </topicDocumentation>
            <topicDocumentation name="GTW19350133345627">
                <labels>
                    <label locale="en">No Approvers ?</label>
                </labels>
                <descriptions>
                    <description locale="en"></description>
                </descriptions>
            </topicDocumentation>
            <topicDocumentation name="GTW19513783092460">
                <labels>
                    <label locale="en">CB Gateway</label>
                </labels>
                <descriptions>
                    <description locale="en"></description>
                </descriptions>
            </topicDocumentation>
            <topicDocumentation name="GTW20007447399683">
                <labels>
                    <label locale="en">SuccessOrFailure</label>
                </labels>
                <descriptions>
                    <description locale="en"></description>
                </descriptions>
            </topicDocumentation>
            <topicDocumentation name="GTW20050698107367">
                <labels>
                    <label locale="en">ExclusiveGateway</label>
                </labels>
                <descriptions>
                    <description locale="en"></description>
                </descriptions>
            </topicDocumentation>
            <topicDocumentation name="GTW2005070465061">
                <labels>
                    <label locale="en">HO Gateway</label>
                </labels>
                <descriptions>
                    <description locale="en"></description>
                </descriptions>
            </topicDocumentation>
            <topicDocumentation name="GTW20351487720476">
                <labels>
                    <label locale="en">HO Operating Unit?</label>
                </labels>
                <descriptions>
                    <description locale="en"></description>
                </descriptions>
            </topicDocumentation>
            <topicDocumentation name="GTW20378715712745">
                <labels>
                    <label locale="en">ExclusiveGateway1</label>
                </labels>
                <descriptions>
                    <description locale="en"></description>
                </descriptions>
            </topicDocumentation>
            <topicDocumentation name="GTW2037872009522">
                <labels>
                    <label locale="en">ExclusiveGateway2</label>
                </labels>
                <descriptions>
                    <description locale="en"></description>
                </descriptions>
            </topicDocumentation>
            <topicDocumentation name="ACT21639459324737">
                <labels>
                    <label locale="en">Finance Approval Retry Task</label>
                </labels>
                <descriptions>
                    <description locale="en"></description>
                </descriptions>
            </topicDocumentation>
            <topicDocumentation name="GTW2163948874215">
                <labels>
                    <label locale="en">ExclusiveGateway</label>
                </labels>
                <descriptions>
                    <description locale="en"></description>
                </descriptions>
            </topicDocumentation>
            <topicDocumentation name="sf19349767768337"/>
            <topicDocumentation name="sf19349767769953"/>
            <topicDocumentation name="sf19349954904483"/>
            <topicDocumentation name="sf19349956559769"/>
            <topicDocumentation name="sf19349960717176"/>
            <topicDocumentation name="sf19350116350322"/>
            <topicDocumentation name="sf19350119265319">
                <labels>
                    <label locale="en">Yes</label>
                </labels>
                <descriptions>
                    <description locale="en"></description>
                </descriptions>
            </topicDocumentation>
            <topicDocumentation name="sf19350124321128">
                <labels>
                    <label locale="en">Approved</label>
                </labels>
                <descriptions>
                    <description locale="en"></description>
                </descriptions>
            </topicDocumentation>
            <topicDocumentation name="sf19350131502282">
                <labels>
                    <label locale="en">Rejected</label>
                </labels>
                <descriptions>
                    <description locale="en"></description>
                </descriptions>
            </topicDocumentation>
            <topicDocumentation name="sf19350134895080">
                <labels>
                    <label locale="en">Previous Approver</label>
                </labels>
                <descriptions>
                    <description locale="en"></description>
                </descriptions>
            </topicDocumentation>
            <topicDocumentation name="sf19350163973679">
                <labels>
                    <label locale="en">Next Approver</label>
                </labels>
                <descriptions>
                    <description locale="en"></description>
                </descriptions>
            </topicDocumentation>
            <topicDocumentation name="sf19350448041141"/>
            <topicDocumentation name="sf19513784583285"/>
            <topicDocumentation name="sf19513785465482">
                <labels>
                    <label locale="en"></label>
                </labels>
                <descriptions>
                    <description locale="en"></description>
                </descriptions>
            </topicDocumentation>
            <topicDocumentation name="sf20007429775961"/>
            <topicDocumentation name="sf20007448501321">
                <labels>
                    <label locale="en"></label>
                </labels>
                <descriptions>
                    <description locale="en"></description>
                </descriptions>
            </topicDocumentation>
            <topicDocumentation name="sf20007449716427">
                <labels>
                    <label locale="en"></label>
                </labels>
                <descriptions>
                    <description locale="en"></description>
                </descriptions>
            </topicDocumentation>
            <topicDocumentation name="sf20007659558722"/>
            <topicDocumentation name="sf2000766073583"/>
            <topicDocumentation name="sf20007818213030"/>
            <topicDocumentation name="sf2005069839007">
                <labels>
                    <label locale="en"></label>
                </labels>
                <descriptions>
                    <description locale="en"></description>
                </descriptions>
            </topicDocumentation>
            <topicDocumentation name="sf20050699352256">
                <labels>
                    <label locale="en"></label>
                </labels>
                <descriptions>
                    <description locale="en"></description>
                </descriptions>
            </topicDocumentation>
            <topicDocumentation name="sf20050705505156"/>
            <topicDocumentation name="sf20351490506739"/>
            <topicDocumentation name="sf20351493819345">
                <labels>
                    <label locale="en"></label>
                </labels>
                <descriptions>
                    <description locale="en"></description>
                </descriptions>
            </topicDocumentation>
            <topicDocumentation name="sf20351494238049"/>
            <topicDocumentation name="sf20378707790784"/>
            <topicDocumentation name="sf20378715987964"/>
            <topicDocumentation name="sf20378718242265"/>
            <topicDocumentation name="sf20378720448922"/>
            <topicDocumentation name="sf20378721985086">
                <labels>
                    <label locale="en"></label>
                </labels>
                <descriptions>
                    <description locale="en"></description>
                </descriptions>
            </topicDocumentation>
            <topicDocumentation name="sf20378722430191">
                <labels>
                    <label locale="en"></label>
                </labels>
                <descriptions>
                    <description locale="en"></description>
                </descriptions>
            </topicDocumentation>
            <topicDocumentation name="sf20378987340931"/>
            <topicDocumentation name="sf20379003474260">
                <labels>
                    <label locale="en"></label>
                </labels>
                <descriptions>
                    <description locale="en"></description>
                </descriptions>
            </topicDocumentation>
            <topicDocumentation name="sf20379005486863"/>
            <topicDocumentation name="sf20379075836325">
                <labels>
                    <label locale="en"></label>
                </labels>
                <descriptions>
                    <description locale="en"></description>
                </descriptions>
            </topicDocumentation>
            <topicDocumentation name="sf20800901347826"/>
            <topicDocumentation name="sf20800904761280"/>
            <topicDocumentation name="sf20800910180496"/>
            <topicDocumentation name="sf20800914844173"/>
            <topicDocumentation name="sf20800921977022"/>
            <topicDocumentation name="sf20800925682381"/>
            <topicDocumentation name="sf20800929995615"/>
            <topicDocumentation name="sf20800934596057"/>
            <topicDocumentation name="sf20800938130336"/>
            <topicDocumentation name="sf21639464951622"/>
            <topicDocumentation name="sf21639489306195"/>
            <topicDocumentation name="sf21639490410424">
                <labels>
                    <label locale="en">Rejected</label>
                </labels>
                <descriptions>
                    <description locale="en"></description>
                </descriptions>
            </topicDocumentation>
        </topicDocumentations>
    </component>
</processDocumentation>