<?xml version="1.0" encoding="UTF-8"?>
<SOAConfigPlan xmlns:jca="http://platform.integration.oracle/blocks/adapter/fw/metadata" xmlns:wsp="http://schemas.xmlsoap.org/ws/2004/09/policy" xmlns:orawsp="http://schemas.oracle.com/ws/2006/01/policy" xmlns:edl="http://schemas.oracle.com/events/edl" xmlns="http://schemas.oracle.com/soa/configplan">
   <composite name="CapexClosureProcess">
      <!--Add search and replace rules for the import section of a composite
	Example:
	<searchReplace>
		<search>http://my-dev-server</search>
		<replace>http://my-test-server</replace>
	<searchReplace>
	<searchReplace>
		<search>8888</search>
		<replace>8889</replace>
	<searchReplace>-->
      <import>
         <searchReplace>
            <search/>
            <replace/>
         </searchReplace>
      </import>
      <property name="productVersion">
         <replace>11.1.1.9.0</replace>
      </property>
      <!--Add search and replace rules for the component properties
	For components and service/reference bindings, you can add policy references.
	Example:
	<component name="*">
		<wsp:PolicyReference orawsp:category="management" orawsp:status="enabled" URI="oracle/log_policy"/>
	</component>-->
      <component name="CapexClosureProcess">
         <property name="bpel.config.oneWayDeliveryPolicy">
            <replace>sync</replace>
         </property>
         <property name="bpel.config.transaction">
            <replace>required</replace>
         </property>
      </component>
      <reference name="CapexDOPService">
         <!--Add search and replace rules for the binding properties-->
         <binding type="ws">
            <attribute name="port">
               <replace>http://oracle.com/sca/soapservice/SRFBPMApplication/CapexDOPService/CapexApprovalDOPService#wsdl.endpoint(CapexApprovalDOPService/dop_pt)</replace>
            </attribute>
            <attribute name="location">
               <replace>http://SRF-GGN-BPMAPPP.srf-limited.com:8001/soa-infra/services/default/CapexDOPService/CapexApprovalDOPService?WSDL</replace>
            </attribute>
            <property name="weblogic.wsee.wsat.transaction.flowOption">
               <replace>WSDLDriven</replace>
            </property>
         </binding>
      </reference>
      <reference name="CloseCapexService">
         <!--Add search and replace rules for the binding properties-->
         <binding type="ws">
            <attribute name="port">
               <replace>http://xmlns.oracle.com/ApplicationTest/SetCapexEBS/CloseCapexEBSService#wsdl.endpoint(closecapexebsprocess_client_ep/execute_pt)</replace>
            </attribute>
            <attribute name="location">
               <replace>http://SRF-GGN-BPMAPPP.srf-limited.com:8001/soa-infra/services/default/SetCapexEBS/closecapexebsprocess_client_ep?WSDL</replace>
            </attribute>
            <property name="weblogic.wsee.wsat.transaction.flowOption">
               <replace>WSDLDriven</replace>
            </property>
         </binding>
      </reference>
      <reference name="MoveAttachments">
         <binding type="jca"/>
      </reference>
   </composite>
   <!--To configure monitor.config: 
	<property name="enabled"><replace>true</replace></property>
	<property name="dataObjectsFolder"><searchReplace><search>mydev</search><replace>myproduction</replace></searchReplace></property>
	
	sample properties to configure for file/ftp adapter: 
	<jca:property name="PhysicalDirectory"><replace>c:\temp</replace></jca:property>
	<jca:property name="DeleteFile"><replace>true</replace></jca:property>
	<jca:property name="PollingFrequency"><replace>3</replace></jca:property>
	
	To add search and replace rules for wsdls, xsd and jca files
	Example:
	<searchReplace>
		<search>http://my-dev-server</search>
		<replace>http://my-test-server</replace>
	<searchReplace>
	<searchReplace>
		<search>8888</search>
		<replace>8889</replace>
	<searchReplace>
	-->
   <wsdlAndSchema name="businessCatalog/CapexClosureModule/ApprovalBusinessObject.wsdl|businessCatalog/CapexClosureModule/ApprovalBusinessObject.xsd|businessCatalog/CapexClosureModule/AttachmentCollection.wsdl|businessCatalog/CapexClosureModule/CapexDetailsObject.wsdl|businessCatalog/CapexClosureModule/CapexDetailsObject.xsd|businessCatalog/CapexClosureModule/ClosureBusinessObject.wsdl|businessCatalog/CapexClosureModule/ClosureBusinessObject.xsd|businessCatalog/CapexClosureModule/ClosureTableBusinessObject.wsdl|ClosureOuRules_DecisionService_1.wsdl|HOClosureRules_DecisionService_1.wsdl|MoveAttachments.wsdl|MoveAttachments_file.jca|project_properties.wsdl|testsuites/xsd/HOClosureCheckerRules_HOClosureCheckerRules_DecisionService_1_TestSuite.xsd|xsd/CapexClosureFinanceApproval.xsd|xsd/CapexClosureStartPayload.xsd|xsd/CapexClosureStartWorkflowTask.xsd|xsd/capexClosureTable.xsd|xsd/ClosureAcknowledgementTaskPayload.xsd|xsd/ClosureAcknowledgementTaskWorkflowTask.xsd|xsd/ClosureApproversTaskPayload.xsd|xsd/ClosureApproversTaskWorkflowTask.xsd|xsd/ClosureCheckerRules_DecisionService_1MessageTypes.xsd|xsd/ClosureCheckerRules_DecisionService_1Types.xsd|xsd/ClosureFinanceApprovalPayload.xsd|xsd/ClosureFinanceApprovalWorkflowTask.xsd|xsd/ClosureOUFinCheckerRules_DecisionService_1MessageTypes.xsd|xsd/ClosureOUFinCheckerRules_DecisionService_1Types.xsd|xsd/ClosureOUFinCheckerSchema.xsd|xsd/ClosureOuRules_DecisionService_1MessageTypes.xsd|xsd/ClosureOuRules_DecisionService_1Types.xsd|xsd/DecisionServicePrimitiveTypes.xsd|xsd/FileAttachment.xsd|xsd/FinanceCheckerTaskPayload.xsd|xsd/FinanceCheckerTaskWorkflowTask.xsd|xsd/FinanceRetryTaskPayload.xsd|xsd/FinanceRetryTaskWorkflowTask.xsd|xsd/HeadOfDepartmentTaskPayload.xsd|xsd/HeadOfDepartmentTaskWorkflowTask.xsd|xsd/HOClosureCheckerRules.xsd|xsd/HOClosureCheckerRules_DecisionService_1MessageTypes.xsd|xsd/HOClosureCheckerRules_DecisionService_1Types.xsd|xsd/HOClosureRules_DecisionService_1MessageTypes.xsd|xsd/HOClosureRules_DecisionService_1Types.xsd|xsd/TaskStateMachine.xsd">
      <searchReplace>
         <search/>
         <replace/>
      </searchReplace>
   </wsdlAndSchema>
</SOAConfigPlan>
