<?xml version="1.0" encoding="UTF-8" ?>
<!-- Generated by Oracle SOA Modeler version 11.1.1.9.0 at [5/18/17 12:15 PM]. -->
<composite name="CapexClosureProcess"
           revision="1.0"
           label="2017-05-18_12-15-21_272"
           mode="active"
           state="on"
           xmlns="http://xmlns.oracle.com/sca/1.0"
           xmlns:xs="http://www.w3.org/2001/XMLSchema"
           xmlns:wsp="http://schemas.xmlsoap.org/ws/2004/09/policy"
           xmlns:orawsp="http://schemas.oracle.com/ws/2006/01/policy"
           xmlns:ui="http://xmlns.oracle.com/soa/designer/">
  <import namespace="http://xmlns.oracle.com/bpel/workflow/taskService"
          location="oramds:/soa/shared/workflow/TaskServiceInterface.wsdl"
          importType="wsdl"/>
  <import namespace="http://oracle.com/sca/soapservice/SRFBPMApplication/CapexDOPService/CapexApprovalDOPService"
          location="oramds:/apps/SRF/Utility/WSDL/CapexDOPServiceWSDL/CapexApprovalDOPService.wsdl"
          importType="wsdl"/>
  <import namespace="http://xmlns.oracle.com/pcbpel/adapter/file/SRFBPMApplication/CapexClosureProcess/MoveAttachments"
          location="MoveAttachments.wsdl" importType="wsdl"/>
  <import namespace="http://xmlns.oracle.com/ApplicationTest/SetCapexEBS/CloseCapexEBSService"
          location="oramds:/apps/SRF/Utility/WSDL/CloseCapexEBSService/CloseCapexEBSService.wsdl"
          importType="wsdl"/>
  <import namespace="http://xmlns.oracle.com/HOClosureRules/HOClosureRules_DecisionService_1"
          location="HOClosureRules_DecisionService_1.wsdl" importType="wsdl"/>
  <import namespace="http://xmlns.oracle.com/ClosureOuRules/ClosureOuRules_DecisionService_1"
          location="ClosureOuRules_DecisionService_1.wsdl" importType="wsdl"/>
  <property name="productVersion" type="xs:string" many="false">11.1.1.9.0</property>
  <component name="CapexClosureProcess">
    <implementation.bpmn src="processes/CapexClosureProcess.bpmn"/>
    <property name="bpel.config.oneWayDeliveryPolicy" type="xs:string"
              many="false">sync</property>
    <property name="bpel.config.transaction" type="xs:string" many="false">required</property>
  </component>
  <component name="CapexClosureStart">
    <implementation.workflow src="CapexClosureStart.task"/>
  </component>
  <component name="ClosureApproversTask">
    <implementation.workflow src="ClosureApproversTask.task"/>
  </component>
  <component name="ClosureFinanceApproval">
    <implementation.workflow src="ClosureFinanceApproval.task"/>
  </component>
  <component name="ClosureAcknowledgementTask">
    <implementation.workflow src="ClosureAcknowledgementTask.task"/>
  </component>
  <component name="HOClosureRules">
    <implementation.decision src="HOClosureRules.decs"/>
  </component>
  <component name="HeadOfDepartmentTask">
    <implementation.workflow src="HeadOfDepartmentTask.task"/>
  </component>
  <component name="FinanceCheckerTask">
    <implementation.workflow src="FinanceCheckerTask.task"/>
  </component>
  <component name="ClosureOuRules">
    <implementation.decision src="ClosureOuRules.decs"/>
  </component>
  <component name="FinanceRetryTask">
    <implementation.workflow src="FinanceRetryTask.task"/>
  </component>
  <reference name="CapexDOPService"
             ui:wsdlLocation="oramds:/apps/SRF/Utility/WSDL/CapexDOPServiceWSDL/CapexApprovalDOPService.wsdl">
    <interface.wsdl interface="http://oracle.com/sca/soapservice/SRFBPMApplication/CapexDOPService/CapexApprovalDOPService#wsdl.interface(dop_ptt)"/>
    <binding.ws port="http://oracle.com/sca/soapservice/SRFBPMApplication/CapexDOPService/CapexApprovalDOPService#wsdl.endpoint(CapexApprovalDOPService/dop_pt)"
                location="http://SRF-GGN-BPMAPPP.srf-limited.com:8001/soa-infra/services/default/CapexDOPService/CapexApprovalDOPService?WSDL"
                soapVersion="1.1">
      <property name="weblogic.wsee.wsat.transaction.flowOption"
                type="xs:string" many="false">WSDLDriven</property>
    </binding.ws>
  </reference>
  <reference name="CloseCapexService"
             ui:wsdlLocation="oramds:/apps/SRF/Utility/WSDL/CloseCapexEBSService/CloseCapexEBSService.wsdl">
    <interface.wsdl interface="http://xmlns.oracle.com/ApplicationTest/SetCapexEBS/CloseCapexEBSService#wsdl.interface(execute_ptt)"/>
    <binding.ws port="http://xmlns.oracle.com/ApplicationTest/SetCapexEBS/CloseCapexEBSService#wsdl.endpoint(closecapexebsprocess_client_ep/execute_pt)"
                location="http://SRF-GGN-BPMAPPP.srf-limited.com:8001/soa-infra/services/default/SetCapexEBS/closecapexebsprocess_client_ep?WSDL"
                soapVersion="1.1">
      <property name="weblogic.wsee.wsat.transaction.flowOption"
                type="xs:string" many="false">WSDLDriven</property>
    </binding.ws>
  </reference>
  <reference name="MoveAttachments" ui:wsdlLocation="MoveAttachments.wsdl">
    <interface.wsdl interface="http://xmlns.oracle.com/pcbpel/adapter/file/SRFBPMApplication/CapexClosureProcess/MoveAttachments#wsdl.interface(MoveFile_ptt)"/>
    <binding.jca config="MoveAttachments_file.jca"/>
  </reference>
  <wire>
    <source.uri>CapexClosureProcess/HumanTasks.CapexClosureStart.reference</source.uri>
    <target.uri>CapexClosureStart/TaskService</target.uri>
  </wire>
  <wire>
    <source.uri>CapexClosureProcess/HumanTasks.ClosureApproversTask.reference</source.uri>
    <target.uri>ClosureApproversTask/TaskService</target.uri>
  </wire>
  <wire>
    <source.uri>CapexClosureProcess/HumanTasks.ClosureFinanceApproval.reference</source.uri>
    <target.uri>ClosureFinanceApproval/TaskService</target.uri>
  </wire>
  <wire>
    <source.uri>CapexClosureProcess/HumanTasks.ClosureAcknowledgementTask.reference</source.uri>
    <target.uri>ClosureAcknowledgementTask/TaskService</target.uri>
  </wire>
  <wire>
    <source.uri>CapexClosureProcess/Services.Externals.CapexDOPService.reference</source.uri>
    <target.uri>CapexDOPService</target.uri>
  </wire>
  <wire>
    <source.uri>CapexClosureProcess/Services.Externals.CloseCapexService.reference</source.uri>
    <target.uri>CloseCapexService</target.uri>
  </wire>
  <wire>
    <source.uri>CapexClosureProcess/Services.Externals.MoveAttachments.reference</source.uri>
    <target.uri>MoveAttachments</target.uri>
  </wire>
  <wire>
    <source.uri>CapexClosureProcess/HumanTasks.HeadOfDepartmentTask.reference</source.uri>
    <target.uri>HeadOfDepartmentTask/TaskService</target.uri>
  </wire>
  <wire>
    <source.uri>CapexClosureProcess/HumanTasks.FinanceCheckerTask.reference</source.uri>
    <target.uri>FinanceCheckerTask/TaskService</target.uri>
  </wire>
  <wire>
    <source.uri>CapexClosureProcess/Rules.Capexclosureprocess.ClosureOuRules.ClosureOuRules_DecisionService_1.reference</source.uri>
    <target.uri>ClosureOuRules/ClosureOuRules_DecisionService_1</target.uri>
  </wire>
  <wire>
    <source.uri>CapexClosureProcess/Rules.Capexclosureprocess.HOClosureRules.HOClosureRules_DecisionService_1.reference</source.uri>
    <target.uri>HOClosureRules/HOClosureRules_DecisionService_1</target.uri>
  </wire>
  <wire>
    <source.uri>CapexClosureProcess/HumanTasks.FinanceRetryTask.reference</source.uri>
    <target.uri>FinanceRetryTask/TaskService</target.uri>
  </wire>
</composite>
